{
  "pipeline_execution": {
    "timestamp": "2025-09-26T10:45:54.189246",
    "pipeline_state": {
      "data_loaded": true,
      "data_cleaned": true,
      "data_integrated": true,
      "data_reduced": true,
      "visualizations_created": true
    },
    "success_rate": 100.0
  },
  "data_summary": {
    "original_shape": [
      269,
      18
    ],
    "covid_columns_found": 3,
    "total_missing_values": "269",
    "final_shape": [
      269,
      44
    ],
    "dimension_change": {
      "rows": 0,
      "columns": 26
    }
  },
  "processing_summary": {
    "cleaning_applied": true,
    "integration_applied": true,
    "reduction_applied": true,
    "cleaning_results": {
      "rows_removed": 0,
      "columns_removed": 1,
      "missing_values_handled": "0"
    },
    "reduction_results": {
      "techniques_applied": [
        "PCA",
        "Feature Selection",
        "Clustering",
        "Sampling"
      ],
      "datasets_created": 14
    }
  },
  "visualization_summary": {
    "total_visualizations": 18,
    "by_phase": {
      "cleaning": 7,
      "integration": 4,
      "reduction": 7
    },
    "independent_plots_created": true
  },
  "recommendations": [
    "✓ Complete pipeline executed successfully",
    "✓ Manageable missing data (5.6%) - handled by pipeline",
    "✓ Comprehensive reduction applied (4 techniques)",
    "✓ Independent visualizations created (18 plots)"
  ]
}