periode_data,id_kel,nama_provinsi,nama_kota,nama_kecamatan,nama_kelurahan,year,month,odp,proses_pemantauan,selesai_pemantauan,pdp,masih_dirawat,pulang_dan_sehat,positif,dirawat,sembuh,meninggal,self_isolation,odp_completion_rate,pdp_recovery_rate,case_fatality_rate,recovery_rate,active_case_rate,total_surveillance,composite_risk_index,severity_score,hospitalization_rate,kecamatan_avg_positif,kecamatan_avg_cfr
202005,3172021007,DKI JAKARTA,JAKARTA UTARA,TANJUNG PRIOK,WARAKAS,2020,5,11,1,10,4,2,2,10,2,0,1,7,0.9090909090909091,0.5,0.1,0.0,0.9,25,0.13014988088378504,0.13,0.2,20.571,0.122
202005,3172031001,DKI JAKARTA,JAKARTA UTARA,KOJA,KOJA,2020,5,14,0,14,2,0,2,1,1,0,0,0,1.0,1.0,0.0,0.0,1.0,17,0.3062666248833268,0.3,1.0,9.667,0.019
202005,3175091004,DKI JAKARTA,JAKARTA TIMUR,CIRACAS,SUSUKAN,2020,5,8,0,8,5,1,4,1,0,0,0,1,1.0,0.8,0.0,0.0,1.0,14,0.022295698000801972,0.0,0.0,8.4,0.073
202005,3175051001,DKI JAKARTA,JAKARTA TIMUR,PASAR REBO,GEDONG,2020,5,5,0,5,3,1,2,5,3,0,0,2,1.0,0.6666666666666666,0.0,0.0,1.0,13,0.150174670085712,0.18,0.6,6.8,0.138
202005,3175071006,DKI JAKARTA,JAKARTA TIMUR,DUREN SAWIT,MALAKA JAYA,2020,5,11,0,11,4,2,2,6,5,0,0,1,1.0,0.5,0.0,0.0,1.0,21,0.21458080190316375,0.25,0.8333333333333334,20.143,0.176
202005,3174031001,DKI JAKARTA,JAKARTA SELATAN,MAMPANG PRAPATAN,MAMPANG PRAPATAN,2020,5,16,1,15,0,0,0,3,3,0,0,0,0.9375,0.0,0.0,0.0,1.0,19,0.2130707722167747,0.3,1.0,7.6,0.095
202005,3171021005,DKI JAKARTA,JAKARTA PUSAT,SAWAH BESAR,MANGGA DUA SELATAN,2020,5,19,2,17,5,4,1,5,4,0,0,1,0.8947368421052632,0.2,0.0,0.0,1.0,29,0.22207190104087693,0.24,0.8,11.0,0.094
202005,3175031004,DKI JAKARTA,JAKARTA TIMUR,JATINEGARA,RAWA BUNGA,2020,5,7,0,7,2,1,1,5,3,0,0,2,1.0,0.5,0.0,0.0,1.0,14,0.17468785486354704,0.18,0.6,9.375,0.11
202005,3173071006,DKI JAKARTA,JAKARTA BARAT,PALMERAH,KOTA BAMBU SELATAN,2020,5,8,0,8,2,0,2,4,4,0,0,0,1.0,1.0,0.0,0.0,1.0,14,0.26606040388315494,0.3,1.0,12.167,0.047
202005,3173061002,DKI JAKARTA,JAKARTA BARAT,KALI DERES,SEMANAN,2020,5,4,0,4,3,1,2,8,3,0,1,4,1.0,0.6666666666666666,0.125,0.0,0.875,15,0.15998535336687233,0.19999999999999998,0.375,19.2,0.071
202005,3171021003,DKI JAKARTA,JAKARTA PUSAT,SAWAH BESAR,KARTINI,2020,5,29,0,29,7,3,4,9,7,0,1,1,1.0,0.5714285714285714,0.1111111111111111,0.0,0.8888888888888888,45,0.2779392533779279,0.3111111111111111,0.7777777777777778,11.0,0.094
202005,3175011004,DKI JAKARTA,JAKARTA TIMUR,MATRAMAN,PAL MERIAM,2020,5,20,1,19,15,5,10,12,4,0,2,6,0.95,0.6666666666666666,0.16666666666666666,0.0,0.8333333333333334,47,0.17394974991772502,0.21666666666666665,0.3333333333333333,13.167,0.184
202005,3173031001,DKI JAKARTA,JAKARTA BARAT,TAMAN SARI,TAMAN SARI,2020,5,12,1,11,8,2,6,8,3,0,2,3,0.9166666666666666,0.75,0.25,0.0,0.75,28,0.2248659058055255,0.2875,0.375,8.125,0.119
202005,3173041007,DKI JAKARTA,JAKARTA BARAT,TAMBORA,ANGKE,2020,5,5,0,5,2,2,0,2,2,0,0,0,1.0,0.0,0.0,0.0,1.0,9,0.24571670221620184,0.3,1.0,2.818,0.106
202005,3174061004,DKI JAKARTA,JAKARTA SELATAN,CILANDAK,GANDARIA SELATAN,2020,5,9,0,9,2,0,2,3,1,1,1,0,1.0,1.0,0.3333333333333333,0.3333333333333333,0.3333333333333333,14,0.2962564823145275,0.3333333333333333,0.3333333333333333,15.2,0.279
202005,3171021002,DKI JAKARTA,JAKARTA PUSAT,SAWAH BESAR,KARANG ANYAR,2020,5,29,0,29,17,5,12,8,6,0,1,1,1.0,0.7058823529411765,0.125,0.0,0.875,54,0.24704531133642665,0.3125,0.75,11.0,0.094
202005,3171061005,DKI JAKARTA,JAKARTA PUSAT,MENTENG,KEBON SIRIH,2020,5,5,0,5,1,1,0,8,6,0,0,2,1.0,0.0,0.0,0.0,1.0,14,0.22645256074589998,0.22499999999999998,0.75,10.6,0.144
202005,3175091003,DKI JAKARTA,JAKARTA TIMUR,CIRACAS,KELAPA DUA WETAN,2020,5,23,1,22,7,3,4,10,6,0,0,4,0.9565217391304348,0.5714285714285714,0.0,0.0,1.0,40,0.17361796067456026,0.18,0.6,8.4,0.073
202005,3171041004,DKI JAKARTA,JAKARTA PUSAT,SENEN,KRAMAT,2020,5,18,0,18,8,7,1,17,5,0,2,10,1.0,0.125,0.11764705882352941,0.0,0.8823529411764706,43,0.15337105924929134,0.17058823529411765,0.29411764705882354,9.667,0.075
202005,3174021008,DKI JAKARTA,JAKARTA SELATAN,SETIA BUDI,KUNINGAN TIMUR,2020,5,9,0,9,1,0,1,9,4,0,2,3,1.0,1.0,0.2222222222222222,0.0,0.7777777777777778,19,0.3252276349618727,0.28888888888888886,0.4444444444444444,6.125,0.168
202005,3175081001,DKI JAKARTA,JAKARTA TIMUR,MAKASAR,MAKASAR,2020,5,5,0,5,3,0,3,5,4,0,0,1,1.0,1.0,0.0,0.0,1.0,13,0.19252761126218262,0.24,0.8,9.8,0.122
202005,3174081005,DKI JAKARTA,JAKARTA SELATAN,PANCORAN,PENGADEGAN,2020,5,6,0,6,1,1,0,5,1,1,0,3,1.0,0.0,0.0,0.2,0.8,12,0.12317782517715802,0.06,0.2,7.167,0.056
202005,3171071004,DKI JAKARTA,JAKARTA PUSAT,TANAH ABANG,PETAMBURAN,2020,5,62,1,61,19,9,10,105,23,1,3,78,0.9838709677419355,0.5263157894736842,0.02857142857142857,0.009523809523809525,0.9619047619047619,186,0.1167986756211516,0.08571428571428572,0.21904761904761905,30.429,0.07
202005,3172041005,DKI JAKARTA,JAKARTA UTARA,CILINCING,SEMPER TIMUR,2020,5,18,1,17,5,3,2,6,4,0,0,2,0.9444444444444444,0.4,0.0,0.0,1.0,29,0.1911699402565632,0.19999999999999998,0.6666666666666666,6.286,0.129
202005,3171071007,DKI JAKARTA,JAKARTA PUSAT,TANAH ABANG,KAMPUNG BALI,2020,5,8,1,7,6,5,1,9,4,0,1,4,0.875,0.16666666666666666,0.1111111111111111,0.0,0.8888888888888888,23,0.16837841328889921,0.21111111111111108,0.4444444444444444,30.429,0.07
202005,3173041009,DKI JAKARTA,JAKARTA BARAT,TAMBORA,PEKOJAN,2020,5,6,0,6,8,6,2,4,3,0,0,1,1.0,0.25,0.0,0.0,1.0,18,0.1700608554127958,0.22499999999999998,0.75,2.818,0.106
202005,3173011003,DKI JAKARTA,JAKARTA BARAT,CENGKARENG,RAWA BUAYA,2020,5,4,0,4,1,1,0,6,2,1,1,2,1.0,0.0,0.16666666666666666,0.16666666666666666,0.6666666666666666,11,0.20703065347121838,0.21666666666666665,0.3333333333333333,12.5,0.1
202005,3173031006,DKI JAKARTA,JAKARTA BARAT,TAMAN SARI,KEAGUNGAN,2020,5,5,0,5,2,0,2,3,2,0,0,1,1.0,1.0,0.0,0.0,1.0,10,0.17519720725547477,0.19999999999999998,0.6666666666666666,8.125,0.119
202005,3172021001,DKI JAKARTA,JAKARTA UTARA,TANJUNG PRIOK,TANJUNG PRIOK,2020,5,13,3,10,4,2,2,21,16,1,1,3,0.7692307692307693,0.5,0.047619047619047616,0.047619047619047616,0.9047619047619048,38,0.2308194155820087,0.26190476190476186,0.7619047619047619,20.571,0.122
202005,3171031001,DKI JAKARTA,JAKARTA PUSAT,KEMAYORAN,KEMAYORAN,2020,5,10,1,9,16,7,9,6,3,0,1,2,0.9,0.5625,0.16666666666666666,0.0,0.8333333333333334,32,0.19876831811948012,0.26666666666666666,0.5,9.125,0.118
202005,3171011001,DKI JAKARTA,JAKARTA PUSAT,GAMBIR,GAMBIR,2020,5,5,1,4,1,1,0,2,2,0,0,0,0.8,0.0,0.0,0.0,1.0,8,0.27898129521614456,0.3,1.0,5.667,0.143
202005,3175061007,DKI JAKARTA,JAKARTA TIMUR,CAKUNG,CAKUNG BARAT,2020,5,24,2,22,6,1,5,8,6,0,0,2,0.9166666666666666,0.8333333333333334,0.0,0.0,1.0,38,0.21476899541394148,0.22499999999999998,0.75,11.429,0.108
202005,3171061003,DKI JAKARTA,JAKARTA PUSAT,MENTENG,CIKINI,2020,5,4,0,4,7,3,4,5,1,2,1,1,1.0,0.5714285714285714,0.2,0.4,0.4,16,0.14989536354153277,0.19999999999999998,0.2,10.6,0.144
202005,3174081006,DKI JAKARTA,JAKARTA SELATAN,PANCORAN,CIKOKO,2020,5,2,1,1,1,0,1,6,4,0,1,1,0.5,1.0,0.16666666666666666,0.0,0.8333333333333334,9,0.2508147414318881,0.31666666666666665,0.6666666666666666,7.167,0.056
202005,3175031001,DKI JAKARTA,JAKARTA TIMUR,JATINEGARA,KAMPUNG MELAYU,2020,5,7,1,6,3,3,0,7,4,0,1,2,0.8571428571428571,0.0,0.14285714285714285,0.0,0.8571428571428571,17,0.22387633543421379,0.2714285714285714,0.5714285714285714,9.375,0.11
202005,3174031005,DKI JAKARTA,JAKARTA SELATAN,MAMPANG PRAPATAN,KUNINGAN BARAT,2020,5,10,0,10,1,1,0,0,0,0,0,0,1.0,0.0,0.0,0.0,0.0,11,0.13408947700063012,0.0,0.0,7.6,0.095
202005,3171041005,DKI JAKARTA,JAKARTA PUSAT,SENEN,KWITANG,2020,5,3,0,3,3,0,3,3,2,1,0,0,1.0,1.0,0.0,0.3333333333333333,0.6666666666666666,9,0.15512846692208418,0.19999999999999998,0.6666666666666666,9.667,0.075
202005,3172041003,DKI JAKARTA,JAKARTA UTARA,CILINCING,MARUNDA,2020,5,21,1,20,8,3,5,5,2,0,1,2,0.9523809523809523,0.625,0.2,0.0,0.8,34,0.22086658309998689,0.26,0.4,6.286,0.129
202005,3175061002,DKI JAKARTA,JAKARTA TIMUR,CAKUNG,RAWA TERATE,2020,5,6,0,6,3,2,1,1,0,0,0,1,1.0,0.3333333333333333,0.0,0.0,1.0,10,0.027354070000572838,0.0,0.0,11.429,0.108
202005,3173041010,DKI JAKARTA,JAKARTA BARAT,TAMBORA,ROA MALAKA,2020,5,1,0,1,0,0,0,0,0,0,0,0,1.0,0.0,0.0,0.0,0.0,1,6.874033339061695e-05,0.0,0.0,2.818,0.106
202005,3171041001,DKI JAKARTA,JAKARTA PUSAT,SENEN,SENEN,2020,5,5,0,5,4,0,4,3,0,0,1,2,1.0,1.0,0.3333333333333333,0.0,0.6666666666666666,12,0.18219743302029523,0.2333333333333333,0.0,9.667,0.075
202005,3171031004,DKI JAKARTA,JAKARTA PUSAT,KEMAYORAN,SERDANG,2020,5,25,0,25,8,5,3,6,2,0,0,4,1.0,0.375,0.0,0.0,1.0,39,0.11493577496301838,0.09999999999999999,0.3333333333333333,9.125,0.118
202005,3175061001,DKI JAKARTA,JAKARTA TIMUR,CAKUNG,JATINEGARA,2020,5,27,0,27,11,3,8,13,4,0,3,6,1.0,0.7272727272727273,0.23076923076923078,0.0,0.7692307692307693,51,0.21541855009218516,0.25384615384615383,0.3076923076923077,11.429,0.108
202005,3172031004,DKI JAKARTA,JAKARTA UTARA,KOJA,RAWA BADAK UTARA,2020,5,11,0,11,7,2,5,2,2,0,0,0,1.0,0.7142857142857143,0.0,0.0,1.0,20,0.23409189350254625,0.3,1.0,9.667,0.019
202005,3173041004,DKI JAKARTA,JAKARTA BARAT,TAMBORA,TANAH SEREAL,2020,5,4,0,4,2,2,0,3,2,0,1,0,1.0,0.0,0.3333333333333333,0.0,0.6666666666666666,9,0.3331676826083587,0.4333333333333333,0.6666666666666666,2.818,0.106
202005,3173041011,DKI JAKARTA,JAKARTA BARAT,TAMBORA,DURI SELATAN,2020,5,1,0,1,0,0,0,0,0,0,0,0,1.0,0.0,0.0,0.0,0.0,1,6.874033339061695e-05,0.0,0.0,2.818,0.106
202005,3173041003,DKI JAKARTA,JAKARTA BARAT,TAMBORA,DURI UTARA,2020,5,1,0,1,1,0,1,2,2,0,0,0,1.0,1.0,0.0,0.0,1.0,4,0.22537300054924878,0.3,1.0,2.818,0.106
202005,3175021004,DKI JAKARTA,JAKARTA TIMUR,PULO GADUNG,JATINEGARA KAUM,2020,5,2,1,1,1,0,1,1,0,0,0,1,0.5,1.0,0.0,0.0,1.0,4,0.026941628000229135,0.0,0.0,13.571,0.111
202005,3173041002,DKI JAKARTA,JAKARTA BARAT,TAMBORA,KALI ANYAR,2020,5,2,0,2,2,1,1,3,1,0,2,0,1.0,0.5,0.6666666666666666,0.0,0.3333333333333333,7,0.4138145156670677,0.5666666666666667,0.3333333333333333,2.818,0.106
202005,3173031002,DKI JAKARTA,JAKARTA BARAT,TAMAN SARI,KRUKUT,2020,5,2,0,2,8,6,2,5,1,0,1,3,1.0,0.25,0.2,0.0,0.8,15,0.14554090892242788,0.19999999999999998,0.2,8.125,0.119
202005,3173031005,DKI JAKARTA,JAKARTA BARAT,TAMAN SARI,MANGGA BESAR,2020,5,4,0,4,3,0,3,2,2,0,0,0,1.0,1.0,0.0,0.0,1.0,9,0.2301611466606463,0.3,1.0,8.125,0.119
202005,3174011006,DKI JAKARTA,JAKARTA SELATAN,TEBET,MANGGARAI SELATAN,2020,5,3,0,3,5,2,3,10,7,0,1,2,1.0,0.6,0.1,0.0,0.9,18,0.2068843848245605,0.27999999999999997,0.7,13.571,0.1
202005,3101011003,DKI JAKARTA,KAB.ADM.KEP.SERIBU,KEP. SERIBU UTARA,PULAU HARAPAN,2020,5,44,0,44,0,0,0,0,0,0,0,0,1.0,0.0,0.0,0.0,0.0,44,0.0030245746691871457,0.0,0.0,0.333,0.0
202005,3101011002,DKI JAKARTA,KAB.ADM.KEP.SERIBU,KEP. SERIBU UTARA,PULAU KELAPA,2020,5,30,1,29,3,1,2,1,0,0,0,1,0.9666666666666667,0.6666666666666666,0.0,0.0,1.0,34,0.1356705046686143,0.0,0.0,0.333,0.0
202005,3101011001,DKI JAKARTA,KAB.ADM.KEP.SERIBU,KEP. SERIBU UTARA,PULAU PANGGANG,2020,5,28,1,27,9,0,9,0,0,0,0,0,0.9642857142857143,1.0,0.0,0.0,0.0,37,0.044024873816934304,0.0,0.0,0.333,0.0
202005,3101021003,DKI JAKARTA,KAB.ADM.KEP.SERIBU,KEP. SERIBU SELATAN,PULAU PARI,2020,5,4,0,4,4,0,4,0,0,0,0,0,1.0,1.0,0.0,0.0,0.0,8,0.013883256000458269,0.0,0.0,3.0,0.0
202005,3101021002,DKI JAKARTA,KAB.ADM.KEP.SERIBU,KEP. SERIBU SELATAN,PULAU TIDUNG,2020,5,21,1,20,0,0,0,9,0,0,0,9,0.9523809523809523,0.0,0.0,0.0,1.0,30,0.0020622100017185087,0.0,0.0,3.0,0.0
202005,3173031008,DKI JAKARTA,JAKARTA BARAT,TAMAN SARI,PINANGSIA,2020,5,5,0,5,2,2,0,1,0,0,0,1,1.0,0.0,0.0,0.0,1.0,8,0.033883256000458266,0.0,0.0,8.125,0.119
202005,3174021001,DKI JAKARTA,JAKARTA SELATAN,SETIA BUDI,SETIA BUDI,2020,5,1,0,1,4,2,2,3,2,1,0,0,1.0,0.5,0.0,0.3333333333333333,0.6666666666666666,8,0.14505972658869357,0.19999999999999998,0.6666666666666666,6.125,0.168
202005,3173041001,DKI JAKARTA,JAKARTA BARAT,TAMBORA,TAMBORA,2020,5,2,0,2,0,0,0,1,0,0,0,1,1.0,0.0,0.0,0.0,1.0,3,0.00020622100017185084,0.0,0.0,2.818,0.106
202005,3101021001,DKI JAKARTA,KAB.ADM.KEP.SERIBU,KEP. SERIBU SELATAN,PULAU UNTUNG JAWA,2020,5,12,0,12,0,0,0,0,0,0,0,0,1.0,0.0,0.0,0.0,0.0,12,0.0008248840006874034,0.0,0.0,3.0,0.0
202005,BELUM DIKETAHUI,BELUM DIKETAHUI,BELUM DIKETAHUI,BELUM DIKETAHUI,BELUM DIKETAHUI,2020,5,2656,49,2607,2752,150,2602,411,340,13,6,52,0.9815512048192772,0.9454941860465116,0.014598540145985401,0.031630170316301706,0.9537712895377128,5819,0.5952640951135165,0.2583941605839416,0.8272506082725061,411.0,0.015
202005,LUAR DKI JAKARTA,LUAR DKI JAKARTA,LUAR DKI JAKARTA,LUAR DKI JAKARTA,LUAR DKI JAKARTA,2020,5,1340,24,1316,911,120,791,776,434,65,54,223,0.982089552238806,0.8682766190998902,0.06958762886597938,0.08376288659793814,0.8466494845360825,3027,0.3805090278392378,0.21649484536082472,0.5592783505154639,776.0,0.07
202005,3173061005,DKI JAKARTA,JAKARTA BARAT,KALI DERES,PEGADUNGAN,2020,5,9,1,8,16,4,12,40,13,11,3,13,0.8888888888888888,0.75,0.075,0.275,0.65,65,0.11785047461156659,0.15,0.325,19.2,0.071
202005,3174071006,DKI JAKARTA,JAKARTA SELATAN,KEBAYORAN BARU,SENAYAN,2020,5,1,0,1,12,12,0,17,0,15,0,2,1.0,0.0,0.0,0.8823529411764706,0.11764705882352941,30,0.0031733211128296196,0.0,0.0,5.8,0.043
202005,3173051001,DKI JAKARTA,JAKARTA BARAT,KEBON JERUK,KEBON JERUK,2020,5,24,0,24,13,5,8,31,13,6,5,7,1.0,0.6153846153846154,0.16129032258064516,0.1935483870967742,0.6451612903225806,68,0.19779067605255,0.2387096774193548,0.41935483870967744,16.857,0.086
202005,3172061001,DKI JAKARTA,JAKARTA UTARA,KELAPA GADING,KELAPA GADING TIMUR,2020,5,46,0,46,38,10,28,30,9,9,4,8,1.0,0.7368421052631579,0.13333333333333333,0.3,0.5666666666666667,114,0.15338851358960565,0.18333333333333332,0.3,29.667,0.067
202005,3173021003,DKI JAKARTA,JAKARTA BARAT,GROGOL PETAMBURAN,TOMANG,2020,5,46,1,45,10,5,5,31,10,14,1,6,0.9782608695652174,0.5,0.03225806451612903,0.45161290322580644,0.5161290322580645,87,0.1515642167216187,0.11935483870967742,0.3225806451612903,14.143,0.122
202005,3175071001,DKI JAKARTA,JAKARTA TIMUR,DUREN SAWIT,DUREN SAWIT,2020,5,20,0,20,13,9,4,29,17,5,4,3,1.0,0.3076923076923077,0.13793103448275862,0.1724137931034483,0.6896551724137931,62,0.2170668104325317,0.27241379310344827,0.5862068965517241,20.143,0.176
202005,3173061001,DKI JAKARTA,JAKARTA BARAT,KALI DERES,KALIDERES,2020,5,22,1,21,13,4,9,32,10,9,5,8,0.9545454545454546,0.6923076923076923,0.15625,0.28125,0.5625,67,0.1705520578424504,0.203125,0.3125,19.2,0.071
202005,3174051002,DKI JAKARTA,JAKARTA SELATAN,KEBAYORAN LAMA,PONDOK PINANG,2020,5,21,2,19,9,6,3,31,12,1,8,10,0.9047619047619048,0.3333333333333333,0.25806451612903225,0.03225806451612903,0.7096774193548387,61,0.24479193748209432,0.2967741935483871,0.3870967741935484,15.333,0.16
202005,3175071004,DKI JAKARTA,JAKARTA TIMUR,DUREN SAWIT,PONDOK KELAPA,2020,5,14,0,14,6,4,2,47,21,2,5,19,1.0,0.3333333333333333,0.10638297872340426,0.0425531914893617,0.851063829787234,67,0.18290069342325116,0.20851063829787234,0.44680851063829785,20.143,0.176
202005,3174061001,DKI JAKARTA,JAKARTA SELATAN,CILANDAK,CILANDAK BARAT,2020,5,22,2,20,23,6,17,25,11,5,3,6,0.9090909090909091,0.7391304347826086,0.12,0.2,0.68,70,0.17003603476104312,0.216,0.44,15.2,0.279
202005,3173081004,DKI JAKARTA,JAKARTA BARAT,KEMBANGAN,SRENGSENG,2020,5,10,0,10,8,2,6,18,5,6,2,5,1.0,0.75,0.1111111111111111,0.3333333333333333,0.5555555555555556,36,0.1328668088648073,0.1611111111111111,0.2777777777777778,12.5,0.05
202005,3174011003,DKI JAKARTA,JAKARTA SELATAN,TEBET,MENTENG DALAM,2020,5,16,1,15,9,0,9,21,8,4,2,7,0.9375,1.0,0.09523809523809523,0.19047619047619047,0.7142857142857143,46,0.15459685147664687,0.18095238095238092,0.38095238095238093,13.571,0.1
202005,3172061003,DKI JAKARTA,JAKARTA UTARA,KELAPA GADING,KELAPA GADING BARAT,2020,5,78,1,77,28,4,24,44,17,6,3,18,0.9871794871794872,0.8571428571428571,0.06818181818181818,0.13636363636363635,0.7954545454545454,150,0.162961928541824,0.16363636363636364,0.38636363636363635,29.667,0.067
202005,3174031002,DKI JAKARTA,JAKARTA SELATAN,MAMPANG PRAPATAN,BANGKA,2020,5,11,0,11,7,3,4,11,2,5,1,3,1.0,0.5714285714285714,0.09090909090909091,0.45454545454545453,0.45454545454545453,29,0.10636831051375698,0.11818181818181817,0.18181818181818182,7.6,0.095
202005,3175081004,DKI JAKARTA,JAKARTA TIMUR,MAKASAR,HALIM PERDANA KUSUMAH,2020,5,6,0,6,6,2,4,23,13,6,2,2,1.0,0.6666666666666666,0.08695652173913043,0.2608695652173913,0.6521739130434783,35,0.17839909154931952,0.23043478260869565,0.5652173913043478,9.8,0.122
202005,3172021006,DKI JAKARTA,JAKARTA UTARA,TANJUNG PRIOK,SUNTER AGUNG,2020,5,47,4,43,45,25,20,67,40,4,7,16,0.9148936170212766,0.4444444444444444,0.1044776119402985,0.05970149253731343,0.835820895522388,159,0.20290656079631583,0.25223880597014925,0.5970149253731343,20.571,0.122
202005,3172011005,DKI JAKARTA,JAKARTA UTARA,PENJARINGAN,PLUIT,2020,5,27,1,26,24,4,20,24,13,3,2,6,0.9629629629629629,0.8333333333333334,0.08333333333333333,0.125,0.7916666666666666,75,0.17603787794547276,0.2208333333333333,0.5416666666666666,14.0,0.112
202005,3174091005,DKI JAKARTA,JAKARTA SELATAN,JAGAKARSA,TANJUNG BARAT,2020,5,10,0,10,15,2,13,18,8,1,2,7,1.0,0.8666666666666667,0.1111111111111111,0.05555555555555555,0.8333333333333334,43,0.16086433106782266,0.21111111111111108,0.4444444444444444,11.5,0.06
202005,3173051005,DKI JAKARTA,JAKARTA BARAT,KEBON JERUK,DURI KEPA,2020,5,20,0,20,13,7,6,29,16,2,2,9,1.0,0.46153846153846156,0.06896551724137931,0.06896551724137931,0.8620689655172413,62,0.1756875000877041,0.21379310344827585,0.5517241379310345,16.857,0.086
202005,3175021007,DKI JAKARTA,JAKARTA TIMUR,PULO GADUNG,JATI,2020,5,22,0,22,16,9,7,19,11,2,0,6,1.0,0.4375,0.0,0.10526315789473684,0.8947368421052632,57,0.14485215153164496,0.1736842105263158,0.5789473684210527,13.571,0.111
202005,3174011001,DKI JAKARTA,JAKARTA SELATAN,TEBET,TEBET TIMUR,2020,5,5,0,5,3,1,2,15,5,3,3,4,1.0,0.6666666666666666,0.2,0.2,0.6,23,0.19321501459608878,0.24,0.3333333333333333,13.571,0.1
202005,3174061002,DKI JAKARTA,JAKARTA SELATAN,CILANDAK,LEBAK BULUS,2020,5,25,3,22,11,0,11,20,5,3,6,6,0.88,1.0,0.3,0.15,0.55,56,0.23532895956114014,0.285,0.25,15.2,0.279
202005,3174101002,DKI JAKARTA,JAKARTA SELATAN,PESANGGRAHAN,BINTARO,2020,5,18,1,17,11,3,8,23,11,3,6,3,0.9444444444444444,0.7272727272727273,0.2608695652173913,0.13043478260869565,0.6086956521739131,52,0.25557170728748624,0.32608695652173914,0.4782608695652174,12.8,0.219
202005,3171031003,DKI JAKARTA,JAKARTA PUSAT,KEMAYORAN,HARAPAN MULIA,2020,5,10,1,9,9,3,6,12,2,1,2,7,0.9,0.6666666666666666,0.16666666666666666,0.08333333333333333,0.75,31,0.13459282397345337,0.16666666666666666,0.16666666666666666,9.125,0.118
202005,3173051007,DKI JAKARTA,JAKARTA BARAT,KEBON JERUK,KEDOYA SELATAN,2020,5,18,0,18,11,2,9,11,3,4,1,3,1.0,0.8181818181818182,0.09090909090909091,0.36363636363636365,0.5454545454545454,40,0.12724159194525034,0.14545454545454545,0.2727272727272727,16.857,0.086
202005,3173051004,DKI JAKARTA,JAKARTA BARAT,KEBON JERUK,KELAPA DUA,2020,5,17,0,17,5,0,5,13,5,2,0,6,1.0,1.0,0.0,0.15384615384615385,0.8461538461538461,35,0.1291872088029099,0.11538461538461539,0.38461538461538464,16.857,0.086
202005,3175041004,DKI JAKARTA,JAKARTA TIMUR,KRAMAT JATI,BATU AMPAR,2020,5,15,1,14,10,6,4,19,4,1,3,11,0.9333333333333333,0.4,0.15789473684210525,0.05263157894736842,0.7894736842105263,44,0.14562519386423362,0.17368421052631577,0.21052631578947367,10.571,0.1
202005,3174071005,DKI JAKARTA,JAKARTA SELATAN,KEBAYORAN BARU,RAWA BARAT,2020,5,5,0,5,4,3,1,7,2,4,1,0,1.0,0.25,0.14285714285714285,0.5714285714285714,0.2857142857142857,16,0.14885894897570642,0.1857142857142857,0.2857142857142857,5.8,0.043
202005,3175031006,DKI JAKARTA,JAKARTA TIMUR,JATINEGARA,CIPINANG MUARA,2020,5,9,0,9,3,0,3,20,7,1,2,10,1.0,1.0,0.1,0.05,0.85,32,0.16572910243320563,0.175,0.35,9.375,0.11
202005,3175061003,DKI JAKARTA,JAKARTA TIMUR,CAKUNG,PENGGILINGAN,2020,5,50,1,49,13,8,5,28,14,3,2,9,0.98,0.38461538461538464,0.07142857142857142,0.10714285714285714,0.8214285714285714,91,0.19871389220883273,0.19999999999999998,0.5,11.429,0.108
202005,3174011002,DKI JAKARTA,JAKARTA SELATAN,TEBET,TEBET BARAT,2020,5,4,0,4,8,2,6,28,16,1,2,9,1.0,0.75,0.07142857142857142,0.03571428571428571,0.8928571428571429,40,0.1657188010106947,0.2214285714285714,0.5714285714285714,13.571,0.1
202005,3173021004,DKI JAKARTA,JAKARTA BARAT,GROGOL PETAMBURAN,JELAMBAR,2020,5,3,0,3,4,1,3,13,5,3,3,2,1.0,0.75,0.23076923076923078,0.23076923076923078,0.5384615384615384,20,0.20684991978998432,0.27692307692307694,0.38461538461538464,14.143,0.122
202005,3174011005,DKI JAKARTA,JAKARTA SELATAN,TEBET,BUKIT DURI,2020,5,11,0,11,9,5,4,13,4,3,3,3,1.0,0.4444444444444444,0.23076923076923078,0.23076923076923078,0.5384615384615384,33,0.19775024766017762,0.25384615384615383,0.3076923076923077,13.571,0.1
202005,3174021003,DKI JAKARTA,JAKARTA SELATAN,SETIA BUDI,KARET KUNINGAN,2020,5,12,1,11,9,1,8,12,4,3,2,3,0.9166666666666666,0.8888888888888888,0.16666666666666666,0.25,0.5833333333333334,33,0.1729873852502564,0.21666666666666665,0.3333333333333333,6.125,0.168
202005,3173071001,DKI JAKARTA,JAKARTA BARAT,PALMERAH,PALMERAH,2020,5,23,3,20,8,5,3,27,10,3,4,10,0.8695652173913043,0.375,0.14814814814814814,0.1111111111111111,0.7407407407407407,58,0.1939542595980937,0.2148148148148148,0.37037037037037035,12.167,0.047
202005,3171051002,DKI JAKARTA,JAKARTA PUSAT,CEMPAKA PUTIH,CEMPAKA PUTIH BARAT,2020,5,68,1,67,32,7,25,31,13,3,5,10,0.9852941176470589,0.78125,0.16129032258064516,0.0967741935483871,0.7419354838709677,131,0.20583926577410755,0.2387096774193548,0.41935483870967744,25.0,0.118
202005,3175041007,DKI JAKARTA,JAKARTA TIMUR,KRAMAT JATI,CAWANG,2020,5,5,0,5,5,1,4,13,6,1,1,5,1.0,0.8,0.07692307692307693,0.07692307692307693,0.8461538461538461,23,0.15066096733615916,0.19230769230769232,0.46153846153846156,10.571,0.1
202005,3175021006,DKI JAKARTA,JAKARTA TIMUR,PULO GADUNG,KAYU PUTIH,2020,5,26,1,25,20,6,14,31,19,1,4,7,0.9615384615384616,0.7,0.12903225806451613,0.03225806451612903,0.8387096774193549,77,0.21617472610118504,0.27419354838709675,0.6129032258064516,13.571,0.111
202005,3171061001,DKI JAKARTA,JAKARTA PUSAT,MENTENG,MENTENG,2020,5,25,0,25,8,3,5,18,9,2,4,3,1.0,0.625,0.2222222222222222,0.1111111111111111,0.6666666666666666,51,0.26085869817939206,0.3055555555555555,0.5,10.6,0.144
202005,3175051004,DKI JAKARTA,JAKARTA TIMUR,PASAR REBO,KALISARI,2020,5,14,2,12,9,2,7,19,6,3,2,8,0.8571428571428571,0.7777777777777778,0.10526315789473684,0.15789473684210525,0.7368421052631579,42,0.1425132836595553,0.16842105263157892,0.3157894736842105,6.8,0.138
202005,3174051001,DKI JAKARTA,JAKARTA SELATAN,KEBAYORAN LAMA,KEBAYORAN LAMA UTARA,2020,5,10,0,10,8,3,5,11,6,3,1,1,1.0,0.625,0.09090909090909091,0.2727272727272727,0.6363636363636364,29,0.17908794382162554,0.22727272727272724,0.5454545454545454,15.333,0.16
202005,3173051006,DKI JAKARTA,JAKARTA BARAT,KEBON JERUK,KEDOYA UTARA,2020,5,13,1,12,6,2,4,13,7,1,0,5,0.9230769230769231,0.6666666666666666,0.0,0.07692307692307693,0.9230769230769231,32,0.1451157288786556,0.16153846153846152,0.5384615384615384,16.857,0.086
202005,3171031002,DKI JAKARTA,JAKARTA PUSAT,KEMAYORAN,KEBON KOSONG,2020,5,35,3,32,14,8,6,18,5,3,4,6,0.9142857142857143,0.42857142857142855,0.2222222222222222,0.16666666666666666,0.6111111111111112,67,0.20656638665089683,0.23888888888888887,0.2777777777777778,9.125,0.118
202005,3173081001,DKI JAKARTA,JAKARTA BARAT,KEMBANGAN,KEMBANGAN UTARA,2020,5,3,0,3,7,4,3,16,6,3,1,6,1.0,0.42857142857142855,0.0625,0.1875,0.75,26,0.11779565202950058,0.15625,0.375,12.5,0.05
202005,3171081001,DKI JAKARTA,JAKARTA PUSAT,JOHAR BARU,JOHAR BARU,2020,5,31,1,30,16,6,10,16,5,2,2,7,0.967741935483871,0.625,0.125,0.125,0.75,63,0.1581051508075304,0.18125,0.3125,10.0,0.134
202005,3175021002,DKI JAKARTA,JAKARTA TIMUR,PULO GADUNG,PISANGAN TIMUR,2020,5,46,1,45,10,5,5,7,1,1,3,2,0.9782608695652174,0.5,0.42857142857142855,0.14285714285714285,0.42857142857142855,63,0.3076807810596313,0.34285714285714286,0.14285714285714285,13.571,0.111
202005,3171031005,DKI JAKARTA,JAKARTA PUSAT,KEMAYORAN,GUNUNG SAHARI SELATAN,2020,5,30,2,28,2,2,0,5,2,0,0,3,0.9333333333333333,0.0,0.0,0.0,1.0,37,0.287249274688394,0.12,0.4,9.125,0.118
202005,3171071005,DKI JAKARTA,JAKARTA PUSAT,TANAH ABANG,KEBON MELATI,2020,5,47,3,44,24,11,13,36,13,1,2,20,0.9361702127659575,0.5416666666666666,0.05555555555555555,0.027777777777777776,0.9166666666666666,107,0.1373878954113581,0.1472222222222222,0.3611111111111111,30.429,0.07
202005,3171041002,DKI JAKARTA,JAKARTA PUSAT,SENEN,KENARI,2020,5,15,1,14,6,4,2,7,2,2,0,3,0.9333333333333333,0.3333333333333333,0.0,0.2857142857142857,0.7142857142857143,28,0.09576226434894287,0.0857142857142857,0.2857142857142857,9.667,0.075
202005,3172051003,DKI JAKARTA,JAKARTA UTARA,PADEMANGAN,ANCOL,2020,5,13,0,13,8,1,7,6,3,1,0,2,1.0,0.875,0.0,0.16666666666666666,0.8333333333333334,27,0.1294050086093898,0.15,0.5,24.667,0.072
202005,3173081003,DKI JAKARTA,JAKARTA BARAT,KEMBANGAN,MERUYA SELATAN,2020,5,9,0,9,7,3,4,8,4,1,1,2,1.0,0.5714285714285714,0.125,0.125,0.75,24,0.1864396839677614,0.2375,0.5,12.5,0.05
202005,3172021005,DKI JAKARTA,JAKARTA UTARA,TANJUNG PRIOK,KEBON BAWANG,2020,5,24,0,24,11,5,6,12,7,1,0,4,1.0,0.5454545454545454,0.0,0.08333333333333333,0.9166666666666666,47,0.15585111652497396,0.17500000000000002,0.5833333333333334,20.571,0.122
202005,3174081002,DKI JAKARTA,JAKARTA SELATAN,PANCORAN,KALIBATA,2020,5,12,0,12,10,4,6,9,7,1,0,1,1.0,0.6,0.0,0.1111111111111111,0.8888888888888888,31,0.18283683268805032,0.23333333333333334,0.7777777777777778,7.167,0.056
202005,3173011001,DKI JAKARTA,JAKARTA BARAT,CENGKARENG,CENGKARENG BARAT,2020,5,12,0,12,7,1,6,15,6,1,0,8,1.0,0.8571428571428571,0.0,0.06666666666666667,0.9333333333333333,34,0.10990019654536502,0.12,0.4,12.5,0.1
202005,3174021005,DKI JAKARTA,JAKARTA SELATAN,SETIA BUDI,MENTENG ATAS,2020,5,13,0,13,5,3,2,8,7,0,1,0,1.0,0.4,0.125,0.0,0.875,26,0.2835127388642345,0.35,0.875,6.125,0.168
202005,3174091006,DKI JAKARTA,JAKARTA SELATAN,JAGAKARSA,CIPEDAK,2020,5,9,0,9,1,0,1,4,2,0,0,2,1.0,1.0,0.0,0.0,1.0,14,0.2268447176086451,0.15,0.5,11.5,0.06
202005,3171081004,DKI JAKARTA,JAKARTA PUSAT,JOHAR BARU,TANAH TINGGI,2020,5,33,0,33,10,3,7,7,2,2,1,2,1.0,0.7,0.14285714285714285,0.2857142857142857,0.5714285714285714,50,0.17852945364432074,0.1857142857142857,0.2857142857142857,10.0,0.134
202005,3175091002,DKI JAKARTA,JAKARTA TIMUR,CIRACAS,CIBUBUR,2020,5,40,1,39,11,3,8,10,5,1,2,2,0.975,0.7272727272727273,0.2,0.1,0.7,61,0.2573838911746173,0.29,0.5,8.4,0.073
202005,3173061004,DKI JAKARTA,JAKARTA BARAT,KALI DERES,KAMAL,2020,5,6,0,6,4,0,4,2,1,1,0,0,1.0,1.0,0.0,0.5,0.5,12,0.1267072369418639,0.15,0.5,19.2,0.071
202005,3175021001,DKI JAKARTA,JAKARTA TIMUR,PULO GADUNG,PULO GADUNG,2020,5,24,1,23,10,3,7,15,9,1,0,5,0.9583333333333334,0.7,0.0,0.06666666666666667,0.9333333333333333,49,0.16242709986555198,0.18,0.6,13.571,0.111
202005,3171031008,DKI JAKARTA,JAKARTA PUSAT,KEMAYORAN,UTAN PANJANG,2020,5,21,0,21,7,2,5,8,2,1,0,5,1.0,0.7142857142857143,0.0,0.125,0.875,36,0.09541582847265045,0.075,0.25,9.125,0.118
202005,3174031004,DKI JAKARTA,JAKARTA SELATAN,MAMPANG PRAPATAN,TEGAL PARANG,2020,5,17,0,17,7,2,5,10,5,1,1,3,1.0,0.7142857142857143,0.1,0.1,0.8,34,0.19001224136329214,0.21999999999999997,0.5,7.6,0.095
202005,3175101006,DKI JAKARTA,JAKARTA TIMUR,CIPAYUNG,BAMBU APUS,2020,5,17,1,16,5,0,5,5,3,1,0,1,0.9411764705882353,1.0,0.0,0.2,0.8,27,0.17424814586429174,0.18,0.6,4.875,0.042
202005,3175041005,DKI JAKARTA,JAKARTA TIMUR,KRAMAT JATI,BALE KAMBANG,2020,5,7,0,7,4,2,2,5,2,2,0,1,1.0,0.5,0.0,0.4,0.6,16,0.10913906102052438,0.12,0.4,10.571,0.1
202005,3174071008,DKI JAKARTA,JAKARTA SELATAN,KEBAYORAN BARU,PETOGOGAN,2020,5,4,0,4,2,1,1,2,1,1,0,0,1.0,0.5,0.0,0.5,0.5,8,0.13309894227496807,0.15,0.5,5.8,0.043
202005,3172041006,DKI JAKARTA,JAKARTA UTARA,CILINCING,ROROTAN,2020,5,26,0,26,4,1,3,5,2,0,1,2,1.0,0.75,0.2,0.0,0.8,35,0.27260199010004416,0.26,0.4,6.286,0.129
202005,3173021001,DKI JAKARTA,JAKARTA BARAT,GROGOL PETAMBURAN,GROGOL,2020,5,8,1,7,4,2,2,7,5,1,0,1,0.875,0.5,0.0,0.14285714285714285,0.8571428571428571,19,0.1792332372027691,0.21428571428571427,0.7142857142857143,14.143,0.122
202005,3174071002,DKI JAKARTA,JAKARTA SELATAN,KEBAYORAN BARU,GUNUNG,2020,5,9,0,9,6,4,2,6,3,1,1,1,1.0,0.3333333333333333,0.16666666666666666,0.16666666666666666,0.6666666666666666,21,0.20967884111885,0.26666666666666666,0.5,5.8,0.043
202005,3173041006,DKI JAKARTA,JAKARTA BARAT,TAMBORA,JEMBATAN BESI,2020,5,8,1,7,2,1,1,6,3,1,0,2,0.875,0.5,0.0,0.16666666666666666,0.8333333333333334,16,0.1603155316087597,0.15,0.5,2.818,0.106
202005,3172041004,DKI JAKARTA,JAKARTA UTARA,CILINCING,KALI BARU,2020,5,21,0,21,4,2,2,6,2,0,2,2,1.0,0.5,0.3333333333333333,0.0,0.6666666666666666,31,0.30742506798216795,0.3333333333333333,0.3333333333333333,6.286,0.129
202005,3173011004,DKI JAKARTA,JAKARTA BARAT,CENGKARENG,KEDAUNG KALI ANGKE,2020,5,3,0,3,3,0,3,6,5,0,0,1,1.0,1.0,0.0,0.0,1.0,12,0.19062880556931486,0.25,0.8333333333333334,12.5,0.1
202005,3174071003,DKI JAKARTA,JAKARTA SELATAN,KEBAYORAN BARU,KRAMAT PELA,2020,5,4,0,4,1,0,1,1,1,0,0,0,1.0,1.0,0.0,0.0,1.0,6,0.26551048121603,0.3,1.0,5.8,0.043
202005,3174071001,DKI JAKARTA,JAKARTA SELATAN,KEBAYORAN BARU,MELAWAI,2020,5,5,0,5,0,0,0,4,2,1,0,1,1.0,0.0,0.0,0.25,0.75,9,0.10650101594169203,0.15,0.5,5.8,0.043
202005,3175101004,DKI JAKARTA,JAKARTA TIMUR,CIPAYUNG,MUNJUL,2020,5,7,0,7,3,2,1,4,1,1,0,2,1.0,0.3333333333333333,0.0,0.25,0.75,14,0.08501465224916799,0.075,0.25,4.875,0.042
202005,3174081003,DKI JAKARTA,JAKARTA SELATAN,PANCORAN,RAWA JATI,2020,5,6,0,6,3,0,3,5,5,0,0,0,1.0,1.0,0.0,0.0,1.0,14,0.23939373721648827,0.3,1.0,7.167,0.056
202005,3172031005,DKI JAKARTA,JAKARTA UTARA,KOJA,TUGU SELATAN,2020,5,30,2,28,13,6,7,7,2,1,0,4,0.9333333333333333,0.5384615384615384,0.0,0.14285714285714285,0.8571428571428571,50,0.09471044911943388,0.0857142857142857,0.2857142857142857,9.667,0.019
202005,3175071005,DKI JAKARTA,JAKARTA TIMUR,DUREN SAWIT,MALAKA SARI,2020,5,7,0,7,3,3,0,6,3,0,1,2,1.0,0.0,0.16666666666666666,0.0,0.8333333333333334,16,0.22044625056300804,0.26666666666666666,0.5,20.143,0.176
202005,3171031007,DKI JAKARTA,JAKARTA PUSAT,KEMAYORAN,SUMUR BATU,2020,5,11,0,11,5,3,2,5,3,0,0,2,1.0,0.4,0.0,0.0,1.0,21,0.15783570386394802,0.18,0.6,9.125,0.118
202005,3173051002,DKI JAKARTA,JAKARTA BARAT,KEBON JERUK,SUKABUMI UTARA,2020,5,26,1,25,7,2,5,13,6,1,2,4,0.9615384615384616,0.7142857142857143,0.15384615384615385,0.07692307692307693,0.7692307692307693,46,0.22644152096837522,0.24615384615384617,0.46153846153846156,16.857,0.086
202005,3175041002,DKI JAKARTA,JAKARTA TIMUR,KRAMAT JATI,KAMPUNG TENGAH,2020,5,6,0,6,4,2,2,11,5,1,2,3,1.0,0.5,0.18181818181818182,0.09090909090909091,0.7272727272727273,21,0.2075398036856949,0.2636363636363636,0.45454545454545453,10.571,0.1
202005,3174041004,DKI JAKARTA,JAKARTA SELATAN,PASAR MINGGU,RAGUNAN,2020,5,11,0,11,4,1,3,5,3,1,1,0,1.0,0.75,0.2,0.2,0.6,20,0.2639238262756554,0.31999999999999995,0.6,11.714,0.143
202005,3175101005,DKI JAKARTA,JAKARTA TIMUR,CIPAYUNG,SETU,2020,5,2,0,2,4,2,2,3,0,1,0,2,1.0,0.5,0.0,0.3333333333333333,0.6666666666666666,9,0.007285329667182219,0.0,0.0,4.875,0.042
202005,3174021007,DKI JAKARTA,JAKARTA SELATAN,SETIA BUDI,GUNTUR,2020,5,3,0,3,2,0,2,3,2,1,0,0,1.0,1.0,0.0,0.3333333333333333,0.6666666666666666,8,0.16172639325536026,0.19999999999999998,0.6666666666666666,6.125,0.168
202005,3175101003,DKI JAKARTA,JAKARTA TIMUR,CIPAYUNG,PONDOK RANGGON,2020,5,6,1,5,1,0,1,3,0,0,1,2,0.8333333333333334,1.0,0.3333333333333333,0.0,0.6666666666666666,10,0.24539328568684735,0.2333333333333333,0.0,4.875,0.042
202005,3174071007,DKI JAKARTA,JAKARTA SELATAN,KEBAYORAN BARU,PULO,2020,5,2,0,2,1,1,0,3,1,1,0,1,1.0,0.0,0.0,0.3333333333333333,0.6666666666666666,6,0.09766734396112801,0.09999999999999999,0.3333333333333333,5.8,0.043
202005,3175051002,DKI JAKARTA,JAKARTA TIMUR,PASAR REBO,BARU,2020,5,4,2,2,2,0,2,3,0,0,0,3,0.5,1.0,0.0,0.0,1.0,9,0.02728532966718222,0.0,0.0,6.8,0.138
202005,3172011002,DKI JAKARTA,JAKARTA UTARA,PENJARINGAN,KAMAL MUARA,2020,5,3,0,3,4,1,3,11,9,0,1,1,1.0,0.75,0.09090909090909091,0.0,0.9090909090909091,18,0.22941914418284928,0.3090909090909091,0.8181818181818182,14.0,0.112
202005,3174091002,DKI JAKARTA,JAKARTA SELATAN,JAGAKARSA,SRENGSENG SAWAH,2020,5,7,0,7,2,1,1,14,5,2,1,6,1.0,0.5,0.07142857142857142,0.14285714285714285,0.7857142857142857,23,0.15917206408255002,0.15714285714285714,0.35714285714285715,11.5,0.06
202005,3175011005,DKI JAKARTA,JAKARTA TIMUR,MATRAMAN,KEBON MANGGIS,2020,5,3,0,3,0,0,0,2,1,0,1,0,1.0,0.0,0.5,0.0,0.5,5,0.35328487813754134,0.5,0.5,13.167,0.184
202005,3175031005,DKI JAKARTA,JAKARTA TIMUR,JATINEGARA,CIPINANG CEMPEDAK,2020,5,3,0,3,8,1,7,7,6,0,1,0,1.0,0.875,0.14285714285714285,0.0,0.8571428571428571,18,0.25833816633716555,0.3571428571428571,0.8571428571428571,9.375,0.11
202005,3173031007,DKI JAKARTA,JAKARTA BARAT,TAMAN SARI,GLODOK,2020,5,4,0,4,2,1,1,2,2,0,0,0,1.0,0.5,0.0,0.0,1.0,8,0.23898129521614458,0.3,1.0,8.125,0.119
202005,3174071004,DKI JAKARTA,JAKARTA SELATAN,KEBAYORAN BARU,SELONG,2020,5,1,0,1,2,0,2,3,1,1,0,1,1.0,1.0,0.0,0.3333333333333333,0.6666666666666666,6,0.07766734396112801,0.09999999999999999,0.3333333333333333,5.8,0.043
202005,3172011001,DKI JAKARTA,JAKARTA UTARA,PENJARINGAN,PENJARINGAN,2020,5,33,1,32,16,4,12,10,4,0,1,5,0.9696969696969697,0.75,0.1,0.0,0.9,59,0.16567332672886995,0.19,0.4,14.0,0.112
202005,3174071010,DKI JAKARTA,JAKARTA SELATAN,KEBAYORAN BARU,CIPETE UTARA,2020,5,14,1,13,17,9,8,8,6,1,1,0,0.9285714285714286,0.47058823529411764,0.125,0.125,0.75,39,0.2342495004532145,0.3125,0.75,5.8,0.043
202005,3172031003,DKI JAKARTA,JAKARTA UTARA,KOJA,LAGOA,2020,5,26,1,25,10,4,6,17,8,0,0,9,0.9615384615384616,0.6,0.0,0.0,1.0,53,0.1379638835751237,0.1411764705882353,0.47058823529411764,9.667,0.019
202005,3171011004,DKI JAKARTA,JAKARTA PUSAT,GAMBIR,PETOJO SELATAN,2020,5,20,3,17,3,0,3,3,1,1,1,0,0.85,1.0,0.3333333333333333,0.3333333333333333,0.3333333333333333,26,0.32597025520410383,0.3333333333333333,0.3333333333333333,5.667,0.143
202005,3171071006,DKI JAKARTA,JAKARTA PUSAT,TANAH ABANG,KEBON KACANG,2020,5,30,0,30,11,2,9,41,14,0,4,23,1.0,0.8181818181818182,0.0975609756097561,0.0,0.9024390243902439,82,0.16251684298430685,0.17073170731707316,0.34146341463414637,30.429,0.07
202005,3173041005,DKI JAKARTA,JAKARTA BARAT,TAMBORA,KERENDANG,2020,5,5,1,4,1,0,1,6,3,1,1,1,0.8,1.0,0.16666666666666666,0.16666666666666666,0.6666666666666666,12,0.25572684478500113,0.26666666666666666,0.5,2.818,0.106
202005,3171081003,DKI JAKARTA,JAKARTA PUSAT,JOHAR BARU,GALUR,2020,5,12,0,12,2,1,1,2,1,0,0,1,1.0,0.5,0.0,0.0,1.0,16,0.18698219827542636,0.15,0.5,10.0,0.134
202005,3175091005,DKI JAKARTA,JAKARTA TIMUR,CIRACAS,RAMBUTAN,2020,5,8,1,7,5,2,3,3,0,0,0,3,0.875,0.6,0.0,0.0,1.0,16,0.02243317866758321,0.0,0.0,8.4,0.073
202005,3173031003,DKI JAKARTA,JAKARTA BARAT,TAMAN SARI,MAPHAR,2020,5,20,0,20,5,1,4,42,38,0,0,4,1.0,0.8,0.0,0.0,1.0,67,0.24953557432596685,0.2714285714285714,0.9047619047619048,8.125,0.119
202005,3175041006,DKI JAKARTA,JAKARTA TIMUR,KRAMAT JATI,CILILITAN,2020,5,10,0,10,6,3,3,11,3,0,0,8,1.0,0.5,0.0,0.0,1.0,27,0.08183222191895603,0.0818181818181818,0.2727272727272727,10.571,0.1
202005,3175031007,DKI JAKARTA,JAKARTA TIMUR,JATINEGARA,CIPINANG BESAR SELATAN,2020,5,8,1,7,1,0,1,7,5,0,0,2,0.875,1.0,0.0,0.0,1.0,16,0.2590270162025972,0.21428571428571427,0.7142857142857143,9.375,0.11
202005,3171031006,DKI JAKARTA,JAKARTA PUSAT,KEMAYORAN,CEMPAKA BARU,2020,5,28,1,27,13,6,7,13,3,0,5,5,0.9642857142857143,0.5384615384615384,0.38461538461538464,0.0,0.6153846153846154,54,0.2713439538703633,0.3384615384615385,0.23076923076923078,9.125,0.118
202005,3173041008,DKI JAKARTA,JAKARTA BARAT,TAMBORA,JEMBATAN LIMA,2020,5,3,0,3,4,1,3,4,3,0,0,1,1.0,0.75,0.0,0.0,1.0,11,0.1695796730790615,0.22499999999999998,0.75,2.818,0.106
202005,3175041003,DKI JAKARTA,JAKARTA TIMUR,KRAMAT JATI,DUKUH,2020,5,9,1,8,2,1,1,8,5,0,0,3,0.8888888888888888,0.5,0.0,0.0,1.0,19,0.19365900751089232,0.1875,0.625,10.571,0.1
202005,3171011006,DKI JAKARTA,JAKARTA PUSAT,GAMBIR,DURI PULO,2020,5,8,0,8,5,3,2,1,0,0,0,1,1.0,0.4,0.0,0.0,1.0,14,0.022295698000801972,0.0,0.0,5.667,0.143
202005,3172021003,DKI JAKARTA,JAKARTA UTARA,TANJUNG PRIOK,PAPANGGO,2020,5,25,1,24,5,2,3,4,2,0,1,1,0.96,0.6,0.25,0.0,0.75,34,0.29841560270782996,0.32499999999999996,0.5,20.571,0.122
202005,3172041007,DKI JAKARTA,JAKARTA UTARA,CILINCING,SEMPER BARAT,2020,5,53,2,51,7,4,3,7,5,0,0,2,0.9622641509433962,0.42857142857142855,0.0,0.0,1.0,67,0.256818487491233,0.21428571428571427,0.7142857142857143,6.286,0.129
202005,3172011003,DKI JAKARTA,JAKARTA UTARA,PENJARINGAN,KAPUK MUARA,2020,5,14,1,13,4,0,4,9,5,1,2,1,0.9285714285714286,1.0,0.2222222222222222,0.1111111111111111,0.6666666666666666,27,0.2759736360603702,0.3222222222222222,0.5555555555555556,14.0,0.112
202005,3175011002,DKI JAKARTA,JAKARTA TIMUR,MATRAMAN,UTAN KAYU UTARA,2020,5,24,0,24,12,3,9,4,2,0,1,1,1.0,0.75,0.25,0.0,0.75,40,0.25882804470817367,0.32499999999999996,0.5,13.167,0.184
202005,3171051001,DKI JAKARTA,JAKARTA PUSAT,CEMPAKA PUTIH,CEMPAKA PUTIH TIMUR,2020,5,47,1,46,17,4,13,38,16,1,1,20,0.9787234042553191,0.7647058823529411,0.02631578947368421,0.02631578947368421,0.9473684210526315,102,0.14604144176642084,0.14473684210526314,0.42105263157894735,25.0,0.118
202005,3171071003,DKI JAKARTA,JAKARTA PUSAT,TANAH ABANG,KARET TENGSIN,2020,5,11,0,11,7,2,5,8,2,0,0,6,1.0,0.7142857142857143,0.0,0.0,1.0,26,0.07568080609112524,0.075,0.25,30.429,0.07
202005,3172041001,DKI JAKARTA,JAKARTA UTARA,CILINCING,CILINCING,2020,5,44,0,44,6,4,2,9,6,0,0,3,1.0,0.3333333333333333,0.0,0.0,1.0,59,0.24300992803605947,0.19999999999999998,0.6666666666666666,6.286,0.129
202005,3172031006,DKI JAKARTA,JAKARTA UTARA,KOJA,RAWA BADAK SELATAN,2020,5,24,1,23,8,4,4,13,7,1,0,5,0.9583333333333334,0.5,0.0,0.07692307692307693,0.9230769230769231,45,0.15712046432384474,0.16153846153846152,0.5384615384615384,9.667,0.019
202005,3174011007,DKI JAKARTA,JAKARTA SELATAN,TEBET,MANGGARAI,2020,5,8,0,8,3,1,2,1,1,0,0,0,1.0,0.6666666666666666,0.0,0.0,1.0,12,0.24814514543859592,0.3,1.0,13.571,0.1
202005,3175101001,DKI JAKARTA,JAKARTA TIMUR,CIPAYUNG,CIPAYUNG,2020,5,11,1,10,5,4,1,7,6,0,0,1,0.9090909090909091,0.2,0.0,0.0,1.0,23,0.21242696604333433,0.2571428571428571,0.8571428571428571,4.875,0.042
202005,3175101008,DKI JAKARTA,JAKARTA TIMUR,CIPAYUNG,CEGER,2020,5,12,2,10,2,1,1,1,1,0,0,0,0.8333333333333334,0.5,0.0,0.0,1.0,15,0.29279581088321227,0.3,1.0,4.875,0.042
202005,3173031004,DKI JAKARTA,JAKARTA BARAT,TAMAN SARI,TANGKI,2020,5,8,0,8,1,1,0,2,1,0,1,0,1.0,0.0,0.5,0.0,0.5,11,0.4603639868045517,0.5,0.5,8.125,0.119
202005,3172051001,DKI JAKARTA,JAKARTA UTARA,PADEMANGAN,PADEMANGAN TIMUR,2020,5,18,1,17,12,8,4,14,4,2,2,6,0.9444444444444444,0.3333333333333333,0.14285714285714285,0.14285714285714285,0.7142857142857143,44,0.15411701164397706,0.1857142857142857,0.2857142857142857,24.667,0.072
202005,3171021004,DKI JAKARTA,JAKARTA PUSAT,SAWAH BESAR,GUNUNG SAHARI UTARA,2020,5,36,3,33,13,5,8,17,8,2,4,3,0.9166666666666666,0.6153846153846154,0.23529411764705882,0.11764705882352941,0.6470588235294118,66,0.25737689394415875,0.3058823529411765,0.47058823529411764,11.0,0.094
202005,3172041002,DKI JAKARTA,JAKARTA UTARA,CILINCING,SUKAPURA,2020,5,22,0,22,9,3,6,6,2,0,1,3,1.0,0.6666666666666666,0.16666666666666666,0.0,0.8333333333333334,37,0.18807716139863367,0.21666666666666665,0.3333333333333333,6.286,0.129
202005,3174021004,DKI JAKARTA,JAKARTA SELATAN,SETIA BUDI,KARET,2020,5,9,0,9,4,1,3,5,4,1,0,0,1.0,0.75,0.0,0.2,0.8,18,0.20064909070691347,0.24,0.8,6.125,0.168
202005,3171011002,DKI JAKARTA,JAKARTA PUSAT,GAMBIR,CIDENG,2020,5,23,1,22,8,6,2,10,5,0,2,3,0.9565217391304348,0.25,0.2,0.0,0.8,41,0.2458575693552898,0.29,0.5,5.667,0.143
202005,3171041006,DKI JAKARTA,JAKARTA PUSAT,SENEN,BUNGUR,2020,5,20,0,20,8,5,3,13,5,0,0,8,1.0,0.375,0.0,0.0,1.0,41,0.11759965080325363,0.11538461538461539,0.38461538461538464,9.667,0.075
202005,3174011004,DKI JAKARTA,JAKARTA SELATAN,TEBET,KEBON BARU,2020,5,10,0,10,9,4,5,7,0,2,0,5,1.0,0.5555555555555556,0.0,0.2857142857142857,0.7142857142857143,26,0.016602063482970858,0.0,0.0,13.571,0.1
202005,3173071002,DKI JAKARTA,JAKARTA BARAT,PALMERAH,SLIPI,2020,5,10,0,10,3,1,2,7,3,0,0,4,1.0,0.6666666666666666,0.0,0.0,1.0,20,0.13657555363326518,0.12857142857142856,0.42857142857142855,12.167,0.047
202005,3174091004,DKI JAKARTA,JAKARTA SELATAN,JAGAKARSA,LENTENG AGUNG,2020,5,16,0,16,7,0,7,9,5,0,0,4,1.0,1.0,0.0,0.0,1.0,32,0.15032293996821966,0.16666666666666666,0.5555555555555556,11.5,0.06
202005,3173071005,DKI JAKARTA,JAKARTA BARAT,PALMERAH,KEMANGGISAN,2020,5,13,0,13,9,2,7,15,5,1,2,7,1.0,0.7777777777777778,0.13333333333333333,0.06666666666666667,0.8,37,0.15827323983000618,0.1933333333333333,0.3333333333333333,12.167,0.047
202005,3175101002,DKI JAKARTA,JAKARTA TIMUR,CIPAYUNG,CILANGKAP,2020,5,13,0,13,8,4,4,9,7,1,0,1,1.0,0.5,0.0,0.1111111111111111,0.8888888888888888,30,0.18843475902132636,0.23333333333333334,0.7777777777777778,4.875,0.042
202005,3171011005,DKI JAKARTA,JAKARTA PUSAT,GAMBIR,KEBON KELAPA,2020,5,20,0,20,3,2,1,7,0,1,1,5,1.0,0.3333333333333333,0.14285714285714285,0.14285714285714285,0.7142857142857143,30,0.16153933418472505,0.09999999999999999,0.0,5.667,0.143
202005,3171041003,DKI JAKARTA,JAKARTA PUSAT,SENEN,PASEBAN,2020,5,47,1,46,14,5,9,15,10,1,0,4,0.9787234042553191,0.6428571428571429,0.0,0.06666666666666667,0.9333333333333333,76,0.19116264068782696,0.19999999999999998,0.6666666666666666,9.667,0.075
202005,3175081003,DKI JAKARTA,JAKARTA TIMUR,MAKASAR,KEBON PALA,2020,5,10,0,10,8,1,7,2,1,1,0,0,1.0,0.875,0.0,0.5,0.5,20,0.12392382627565549,0.15,0.5,9.8,0.122
202005,3172031002,DKI JAKARTA,JAKARTA UTARA,KOJA,TUGU UTARA,2020,5,40,4,36,18,5,13,18,7,1,2,8,0.9,0.7222222222222222,0.1111111111111111,0.05555555555555555,0.8333333333333334,76,0.17210879692810083,0.19444444444444442,0.3888888888888889,9.667,0.019
202005,3174041006,DKI JAKARTA,JAKARTA SELATAN,PASAR MINGGU,PEJATEN BARAT,2020,5,27,1,26,7,5,2,13,7,0,2,4,0.9629629629629629,0.2857142857142857,0.15384615384615385,0.0,0.8461538461538461,47,0.2447046159667087,0.2692307692307692,0.5384615384615384,11.714,0.143
202005,3173011002,DKI JAKARTA,JAKARTA BARAT,CENGKARENG,DURI KOSAMBI,2020,5,12,0,12,6,1,5,13,6,3,1,3,1.0,0.8333333333333334,0.07692307692307693,0.23076923076923078,0.6923076923076923,31,0.16454422333661745,0.19230769230769232,0.46153846153846156,12.5,0.1
202005,3175071003,DKI JAKARTA,JAKARTA TIMUR,DUREN SAWIT,KLENDER,2020,5,23,0,23,8,4,4,29,15,3,6,5,1.0,0.5,0.20689655172413793,0.10344827586206896,0.6896551724137931,60,0.25422245921912334,0.3,0.5172413793103449,20.143,0.176
202005,3175011003,DKI JAKARTA,JAKARTA TIMUR,MATRAMAN,KAYU MANIS,2020,5,25,0,25,12,7,5,21,14,1,0,6,1.0,0.4166666666666667,0.0,0.047619047619047616,0.9523809523809523,58,0.17294118770266886,0.19999999999999998,0.6666666666666666,13.167,0.184
202005,3172051002,DKI JAKARTA,JAKARTA UTARA,PADEMANGAN,PADEMANGAN BARAT,2020,5,69,3,66,10,0,10,54,17,1,4,32,0.9565217391304348,1.0,0.07407407407407407,0.018518518518518517,0.9074074074074074,133,0.2044104381971612,0.14629629629629629,0.3148148148148148,24.667,0.072
202005,3172021004,DKI JAKARTA,JAKARTA UTARA,TANJUNG PRIOK,SUNGAI BAMBU,2020,5,14,1,13,10,3,7,10,3,2,2,3,0.9285714285714286,0.7,0.2,0.2,0.6,34,0.18335677917841822,0.22999999999999998,0.3,20.571,0.122
202005,3172011004,DKI JAKARTA,JAKARTA UTARA,PENJARINGAN,PEJAGALAN,2020,5,27,0,27,4,0,4,16,9,1,1,5,1.0,1.0,0.0625,0.0625,0.875,47,0.243230795669359,0.21249999999999997,0.5625,14.0,0.112
202005,3175011006,DKI JAKARTA,JAKARTA TIMUR,MATRAMAN,UTAN KAYU SELATAN,2020,5,47,4,43,14,4,10,27,10,1,3,13,0.9148936170212766,0.7142857142857143,0.1111111111111111,0.037037037037037035,0.8518518518518519,88,0.1841443874336124,0.18888888888888888,0.37037037037037035,13.167,0.184
202005,3174051005,DKI JAKARTA,JAKARTA SELATAN,KEBAYORAN LAMA,GROGOL SELATAN,2020,5,11,0,11,7,3,4,16,6,2,2,6,1.0,0.5714285714285714,0.125,0.125,0.75,34,0.1644660228758972,0.19999999999999998,0.375,15.333,0.16
202005,3173071003,DKI JAKARTA,JAKARTA BARAT,PALMERAH,KOTA BAMBU UTARA,2020,5,12,0,12,7,6,1,8,2,3,0,3,1.0,0.14285714285714285,0.0,0.375,0.625,27,0.07765430832927775,0.075,0.25,12.167,0.047
202005,3174101005,DKI JAKARTA,JAKARTA SELATAN,PESANGGRAHAN,ULUJAMI,2020,5,10,0,10,5,2,3,14,4,2,3,5,1.0,0.6,0.21428571428571427,0.14285714285714285,0.6428571428571429,29,0.19504669095684332,0.2357142857142857,0.2857142857142857,12.8,0.219
202005,3175091001,DKI JAKARTA,JAKARTA TIMUR,CIRACAS,CIRACAS,2020,5,29,0,29,14,5,9,18,8,3,3,4,1.0,0.6428571428571429,0.16666666666666666,0.16666666666666666,0.6666666666666666,61,0.20828279619116938,0.25,0.4444444444444444,8.4,0.073
202005,3172061002,DKI JAKARTA,JAKARTA UTARA,KELAPA GADING,PEGANGSAAN DUA,2020,5,84,0,84,11,6,5,15,8,1,0,6,1.0,0.45454545454545453,0.0,0.06666666666666667,0.9333333333333333,110,0.2223207949617379,0.16,0.5333333333333333,29.667,0.067
202005,3173061003,DKI JAKARTA,JAKARTA BARAT,KALI DERES,TEGAL ALUR,2020,5,26,0,26,8,3,5,14,8,2,0,4,1.0,0.625,0.0,0.14285714285714285,0.8571428571428571,48,0.16764127269742748,0.1714285714285714,0.5714285714285714,19.2,0.071
202005,3173011006,DKI JAKARTA,JAKARTA BARAT,CENGKARENG,CENGKARENG TIMUR,2020,5,13,1,12,6,3,3,19,10,2,2,5,0.9230769230769231,0.5,0.10526315789473684,0.10526315789473684,0.7894736842105263,38,0.19496851381779426,0.23157894736842105,0.5263157894736842,12.5,0.1
202005,3174041005,DKI JAKARTA,JAKARTA SELATAN,PASAR MINGGU,PEJATEN TIMUR,2020,5,49,1,48,9,4,5,24,11,2,4,7,0.9795918367346939,0.5555555555555556,0.16666666666666666,0.08333333333333333,0.75,82,0.25764106463650555,0.25416666666666665,0.4583333333333333,11.714,0.143
202005,3174051006,DKI JAKARTA,JAKARTA SELATAN,KEBAYORAN LAMA,KEBAYORAN LAMA SELATAN,2020,5,15,0,15,6,3,3,8,4,1,3,0,1.0,0.5,0.375,0.125,0.5,29,0.32650327358989656,0.4125,0.5,15.333,0.16
202005,3175071002,DKI JAKARTA,JAKARTA TIMUR,DUREN SAWIT,PONDOK BAMBU,2020,5,17,0,17,6,4,2,14,5,2,3,4,1.0,0.3333333333333333,0.21428571428571427,0.14285714285714285,0.6428571428571429,37,0.22183377515524744,0.2571428571428571,0.35714285714285715,20.143,0.176
202005,3175011001,DKI JAKARTA,JAKARTA TIMUR,MATRAMAN,PISANGAN BARU,2020,5,20,2,18,12,4,8,13,6,2,1,4,0.9,0.6666666666666666,0.07692307692307693,0.15384615384615385,0.7692307692307693,45,0.16106214355964163,0.19230769230769232,0.46153846153846156,13.167,0.184
202005,3174071009,DKI JAKARTA,JAKARTA SELATAN,KEBAYORAN BARU,GANDARIA UTARA,2020,5,15,3,12,9,1,8,7,4,1,0,2,0.8,0.8888888888888888,0.0,0.14285714285714285,0.8571428571428571,31,0.14536157591867588,0.1714285714285714,0.5714285714285714,5.8,0.043
202005,3175021005,DKI JAKARTA,JAKARTA TIMUR,PULO GADUNG,RAWAMANGUN,2020,5,16,2,14,9,3,6,13,8,2,0,3,0.875,0.6666666666666666,0.0,0.15384615384615385,0.8461538461538461,38,0.1566325784539951,0.18461538461538463,0.6153846153846154,13.571,0.111
202005,3174091001,DKI JAKARTA,JAKARTA SELATAN,JAGAKARSA,JAGAKARSA,2020,5,17,0,17,13,4,9,15,6,4,1,4,1.0,0.6923076923076923,0.06666666666666667,0.26666666666666666,0.6666666666666666,45,0.13817627126200463,0.16666666666666666,0.4,11.5,0.06
202005,3174061003,DKI JAKARTA,JAKARTA SELATAN,CILANDAK,PONDOK LABU,2020,5,17,0,17,15,2,13,23,13,3,1,6,1.0,0.8666666666666667,0.043478260869565216,0.13043478260869565,0.8260869565217391,55,0.16006830003583034,0.19999999999999998,0.5652173913043478,15.2,0.279
202005,3172021002,DKI JAKARTA,JAKARTA UTARA,TANJUNG PRIOK,SUNTER JAYA,2020,5,40,2,38,25,8,17,20,6,0,3,11,0.95,0.68,0.15,0.0,0.85,85,0.1648233204950652,0.195,0.3,20.571,0.122
202005,3175101007,DKI JAKARTA,JAKARTA TIMUR,CIPAYUNG,LUBANG BUAYA,2020,5,9,0,9,11,7,4,7,5,1,0,1,1.0,0.36363636363636365,0.0,0.14285714285714285,0.8571428571428571,27,0.16402558411231827,0.21428571428571427,0.7142857142857143,4.875,0.042
202005,3173051003,DKI JAKARTA,JAKARTA BARAT,KEBON JERUK,SUKABUMI SELATAN,2020,5,7,0,7,6,2,4,8,3,2,1,2,1.0,0.6666666666666666,0.125,0.25,0.625,21,0.15817557314499378,0.19999999999999998,0.375,16.857,0.086
202005,3174021006,DKI JAKARTA,JAKARTA SELATAN,SETIA BUDI,PASAR MANGGIS,2020,5,8,0,8,8,0,8,6,1,2,1,2,1.0,1.0,0.16666666666666666,0.3333333333333333,0.5,22,0.13249267949145632,0.16666666666666666,0.16666666666666666,6.125,0.168
202005,3175071007,DKI JAKARTA,JAKARTA TIMUR,DUREN SAWIT,PONDOK KOPI,2020,5,9,1,8,4,0,4,10,3,0,4,3,0.8888888888888888,1.0,0.4,0.0,0.6,23,0.29275749825621944,0.37,0.3,20.143,0.176
202005,3175031008,DKI JAKARTA,JAKARTA TIMUR,JATINEGARA,CIPINANG BESAR UTARA,2020,5,5,1,4,3,3,0,8,5,0,1,2,0.8,0.0,0.125,0.0,0.875,16,0.21743971461529565,0.275,0.625,9.375,0.11
202005,3171081002,DKI JAKARTA,JAKARTA PUSAT,JOHAR BARU,KAMPUNG RAWA,2020,5,38,0,38,7,5,2,15,4,2,4,5,1.0,0.2857142857142857,0.26666666666666666,0.13333333333333333,0.6,60,0.2647406665020365,0.26666666666666666,0.26666666666666666,10.0,0.134
202005,3174101001,DKI JAKARTA,JAKARTA SELATAN,PESANGGRAHAN,PESANGGRAHAN,2020,5,3,0,3,4,1,3,8,2,1,3,2,1.0,0.75,0.375,0.125,0.5,15,0.24926639911850634,0.33749999999999997,0.25,12.8,0.219
202005,3175061006,DKI JAKARTA,JAKARTA TIMUR,CAKUNG,UJUNG MENTENG,2020,5,4,0,4,9,5,4,6,0,2,2,2,1.0,0.4444444444444444,0.3333333333333333,0.3333333333333333,0.3333333333333333,19,0.17193787461328883,0.2333333333333333,0.0,11.429,0.108
202005,3174101004,DKI JAKARTA,JAKARTA SELATAN,PESANGGRAHAN,PETUKANGAN SELATAN,2020,5,2,0,2,5,2,3,6,1,2,1,2,1.0,0.6,0.16666666666666666,0.3333333333333333,0.5,13,0.12387401649094078,0.16666666666666666,0.16666666666666666,12.8,0.219
202005,3175051003,DKI JAKARTA,JAKARTA TIMUR,PASAR REBO,CIJANTUNG,2020,5,5,0,5,6,3,3,4,2,1,1,0,1.0,0.5,0.25,0.25,0.5,15,0.24155398081785273,0.32499999999999996,0.5,6.8,0.138
202005,3174061005,DKI JAKARTA,JAKARTA SELATAN,CILANDAK,CIPETE SELATAN,2020,5,16,0,16,12,5,7,5,1,0,3,1,1.0,0.5833333333333334,0.6,0.0,0.4,33,0.35886973819143286,0.48,0.2,15.2,0.279
202005,3174031003,DKI JAKARTA,JAKARTA SELATAN,MAMPANG PRAPATAN,PELA MAMPANG,2020,5,39,0,39,11,6,5,14,4,0,4,6,1.0,0.45454545454545453,0.2857142857142857,0.0,0.7142857142857143,64,0.25335278087863433,0.2857142857142857,0.2857142857142857,7.6,0.095
202005,3171071002,DKI JAKARTA,JAKARTA PUSAT,TANAH ABANG,BENDUNGAN HILIR,2020,5,17,2,15,14,6,8,9,5,3,0,1,0.8823529411764706,0.5714285714285714,0.0,0.3333333333333333,0.6666666666666666,40,0.1365871483496303,0.16666666666666666,0.5555555555555556,30.429,0.07
202005,3174101003,DKI JAKARTA,JAKARTA SELATAN,PESANGGRAHAN,PETUKANGAN UTARA,2020,5,10,0,10,6,1,5,13,8,2,1,2,1.0,0.8333333333333334,0.07692307692307693,0.15384615384615385,0.7692307692307693,29,0.19254148374575378,0.23846153846153847,0.6153846153846154,12.8,0.219
202005,3173071004,DKI JAKARTA,JAKARTA BARAT,PALMERAH,JATI PULO,2020,5,7,0,7,6,2,4,12,9,2,0,1,1.0,0.6666666666666666,0.0,0.16666666666666666,0.8333333333333334,25,0.17609759330208566,0.22499999999999998,0.75,12.167,0.047
202005,3171061002,DKI JAKARTA,JAKARTA PUSAT,MENTENG,PEGANGSAAN,2020,5,19,0,19,4,1,3,13,3,2,1,7,1.0,0.75,0.07692307692307693,0.15384615384615385,0.7692307692307693,36,0.1526858133896942,0.12307692307692308,0.23076923076923078,10.6,0.144
202005,3173021002,DKI JAKARTA,JAKARTA BARAT,GROGOL PETAMBURAN,TANJUNG DUREN UTARA,2020,5,7,0,7,4,1,3,6,1,2,1,2,1.0,0.75,0.16666666666666666,0.3333333333333333,0.5,17,0.14214897782450325,0.16666666666666666,0.16666666666666666,14.143,0.122
202005,3173021006,DKI JAKARTA,JAKARTA BARAT,GROGOL PETAMBURAN,JELAMBAR BARU,2020,5,5,0,5,7,2,5,7,2,2,1,2,1.0,0.7142857142857143,0.14285714285714285,0.2857142857142857,0.5714285714285714,19,0.14192231283302115,0.1857142857142857,0.2857142857142857,14.143,0.122
202005,3175041001,DKI JAKARTA,JAKARTA TIMUR,KRAMAT JATI,KRAMAT JATI,2020,5,5,0,5,2,0,2,7,0,0,2,5,1.0,1.0,0.2857142857142857,0.0,0.7142857142857143,14,0.17547216858903725,0.19999999999999998,0.0,10.571,0.1
202005,3173011005,DKI JAKARTA,JAKARTA BARAT,CENGKARENG,KAPUK,2020,5,14,1,13,7,1,6,16,10,0,4,2,0.9285714285714286,0.8571428571428571,0.25,0.0,0.75,37,0.28509241194329593,0.3625,0.625,12.5,0.1
202005,3173021007,DKI JAKARTA,JAKARTA BARAT,GROGOL PETAMBURAN,WIJAYA KUSUMA,2020,5,15,0,15,4,1,3,15,10,0,2,3,1.0,0.75,0.13333333333333333,0.0,0.8666666666666667,34,0.2593959948646928,0.29333333333333333,0.6666666666666666,14.143,0.122
202005,3174091003,DKI JAKARTA,JAKARTA SELATAN,JAGAKARSA,CIGANJUR,2020,5,6,0,6,7,3,4,9,5,0,1,3,1.0,0.5714285714285714,0.1111111111111111,0.0,0.8888888888888888,22,0.18548987837100814,0.2444444444444444,0.5555555555555556,11.5,0.06
202005,3171051003,DKI JAKARTA,JAKARTA PUSAT,CEMPAKA PUTIH,RAWASARI,2020,5,62,0,62,12,2,10,6,4,1,1,0,1.0,0.8333333333333334,0.16666666666666666,0.16666666666666666,0.6666666666666666,80,0.29791752732484417,0.31666666666666665,0.6666666666666666,25.0,0.118
202005,3173021005,DKI JAKARTA,JAKARTA BARAT,GROGOL PETAMBURAN,TANJUNG DUREN SELATAN,2020,5,18,0,18,6,1,5,20,8,5,3,4,1.0,0.8333333333333334,0.15,0.25,0.6,44,0.20184810408095186,0.22499999999999998,0.4,14.143,0.122
202005,3175031002,DKI JAKARTA,JAKARTA TIMUR,JATINEGARA,BIDARA CINA,2020,5,7,0,7,2,2,0,15,7,0,3,5,1.0,0.0,0.2,0.0,0.8,24,0.24596349349157087,0.27999999999999997,0.4666666666666667,9.375,0.11
202005,3174021002,DKI JAKARTA,JAKARTA SELATAN,SETIA BUDI,KARET SEMANGGI,2020,5,12,0,12,4,0,4,3,0,1,2,0,1.0,1.0,0.6666666666666666,0.3333333333333333,0.0,19,0.3707178310403041,0.4666666666666666,0.0,6.125,0.168
202005,3173081006,DKI JAKARTA,JAKARTA BARAT,KEMBANGAN,KEMBANGAN SELATAN,2020,5,9,1,8,6,3,3,14,4,1,0,9,0.8888888888888888,0.5,0.0,0.07142857142857142,0.9285714285714286,29,0.08249767134900016,0.0857142857142857,0.2857142857142857,12.5,0.05
202005,3173081005,DKI JAKARTA,JAKARTA BARAT,KEMBANGAN,JOGLO,2020,5,10,0,10,3,1,2,8,5,2,0,1,1.0,0.6666666666666666,0.0,0.25,0.75,21,0.178240932622118,0.1875,0.625,12.5,0.05
202005,3175061004,DKI JAKARTA,JAKARTA TIMUR,CAKUNG,CAKUNG TIMUR,2020,5,17,0,17,10,4,6,7,2,3,0,2,1.0,0.6,0.0,0.42857142857142855,0.5714285714285714,34,0.08550803968261991,0.0857142857142857,0.2857142857142857,11.429,0.108
202005,3173081002,DKI JAKARTA,JAKARTA BARAT,KEMBANGAN,MERUYA UTARA,2020,5,10,2,8,8,4,4,11,6,3,0,2,0.8,0.5,0.0,0.2727272727272727,0.7272727272727273,29,0.13416815772536886,0.1636363636363636,0.5454545454545454,12.5,0.05
202005,3174051004,DKI JAKARTA,JAKARTA SELATAN,KEBAYORAN LAMA,GROGOL UTARA,2020,5,8,0,8,3,2,1,17,6,3,0,8,1.0,0.3333333333333333,0.0,0.17647058823529413,0.8235294117647058,28,0.11222076931955857,0.10588235294117647,0.35294117647058826,15.333,0.16
202005,3174081001,DKI JAKARTA,JAKARTA SELATAN,PANCORAN,PANCORAN,2020,5,8,0,8,5,2,3,12,7,1,2,2,1.0,0.6,0.16666666666666666,0.08333333333333333,0.75,25,0.22893419460927528,0.2916666666666667,0.5833333333333334,7.167,0.056
202005,3174041001,DKI JAKARTA,JAKARTA SELATAN,PASAR MINGGU,PASAR MINGGU,2020,5,17,0,17,10,3,7,10,5,2,1,2,1.0,0.7,0.1,0.2,0.7,37,0.1805041766491783,0.21999999999999997,0.5,11.714,0.143
202005,3175081002,DKI JAKARTA,JAKARTA TIMUR,MAKASAR,PINANG RANTI,2020,5,7,1,6,3,1,2,8,1,2,2,3,0.8571428571428571,0.6666666666666666,0.25,0.25,0.5,18,0.18234843711214224,0.2125,0.125,9.8,0.122
202005,3174051003,DKI JAKARTA,JAKARTA SELATAN,KEBAYORAN LAMA,CIPULIR,2020,5,5,0,5,9,4,5,9,5,2,1,1,1.0,0.5555555555555556,0.1111111111111111,0.2222222222222222,0.6666666666666666,23,0.18153745468323473,0.2444444444444444,0.5555555555555556,15.333,0.16
202005,3171071001,DKI JAKARTA,JAKARTA PUSAT,TANAH ABANG,GELORA,2020,5,4,0,4,2,0,2,5,3,1,1,0,1.0,1.0,0.2,0.2,0.6,11,0.25330516327513986,0.31999999999999995,0.6,30.429,0.07
202005,3175081005,DKI JAKARTA,JAKARTA TIMUR,MAKASAR,CIPINANG MELAYU,2020,5,9,1,8,3,1,2,11,5,0,3,3,0.8888888888888888,0.6666666666666666,0.2727272727272727,0.0,0.7272727272727273,23,0.2725970704487328,0.32727272727272727,0.45454545454545453,9.8,0.122
202005,3175061005,DKI JAKARTA,JAKARTA TIMUR,CAKUNG,PULO GEBANG,2020,5,33,0,33,12,4,8,17,11,2,2,2,1.0,0.6666666666666666,0.11764705882352941,0.11764705882352941,0.7647058823529411,62,0.2360842766794455,0.27647058823529413,0.6470588235294118,11.429,0.108
202005,3174081004,DKI JAKARTA,JAKARTA SELATAN,PANCORAN,DUREN TIGA,2020,5,9,0,9,7,1,6,6,2,2,0,2,1.0,0.8571428571428571,0.0,0.3333333333333333,0.6666666666666666,22,0.08924337977156838,0.09999999999999999,0.3333333333333333,7.167,0.056
202005,3174041007,DKI JAKARTA,JAKARTA SELATAN,PASAR MINGGU,KEBAGUSAN,2020,5,19,1,18,4,1,3,9,4,3,0,2,0.9473684210526315,0.75,0.0,0.3333333333333333,0.6666666666666666,32,0.1596506710606566,0.13333333333333333,0.4444444444444444,11.714,0.143
202005,3174041002,DKI JAKARTA,JAKARTA SELATAN,PASAR MINGGU,JATI PADANG,2020,5,16,1,15,7,3,4,11,4,0,2,5,0.9375,0.5714285714285714,0.18181818181818182,0.0,0.8181818181818182,34,0.1996582815975677,0.23636363636363633,0.36363636363636365,11.714,0.143
202005,3174041003,DKI JAKARTA,JAKARTA SELATAN,PASAR MINGGU,CILANDAK TIMUR,2020,5,13,1,12,12,1,11,10,3,3,2,2,0.9230769230769231,0.9166666666666666,0.2,0.3,0.5,35,0.17920329728958664,0.22999999999999998,0.3,11.714,0.143
202005,3175021003,DKI JAKARTA,JAKARTA TIMUR,PULO GADUNG,CIPINANG,2020,5,7,0,7,6,4,2,9,3,1,2,3,1.0,0.3333333333333333,0.2222222222222222,0.1111111111111111,0.6666666666666666,22,0.19745999975289422,0.25555555555555554,0.3333333333333333,13.571,0.111
202005,3171021001,DKI JAKARTA,JAKARTA PUSAT,SAWAH BESAR,PASAR BARU,2020,5,13,2,11,11,1,10,16,9,1,0,6,0.8461538461538461,0.9090909090909091,0.0,0.0625,0.9375,40,0.13762483615202398,0.16874999999999998,0.5625,11.0,0.094
202005,3171011003,DKI JAKARTA,JAKARTA PUSAT,GAMBIR,PETOJO UTARA,2020,5,14,0,14,10,5,5,11,5,1,2,3,1.0,0.5,0.18181818181818182,0.09090909090909091,0.7272727272727273,35,0.20716883501983024,0.2636363636363636,0.45454545454545453,5.667,0.143
202005,3175031003,DKI JAKARTA,JAKARTA TIMUR,JATINEGARA,BALI MESTER,2020,5,2,1,1,4,0,4,6,2,0,1,3,0.5,1.0,0.16666666666666666,0.0,0.8333333333333334,12,0.1604327271379423,0.21666666666666665,0.3333333333333333,9.375,0.11
202005,3171061004,DKI JAKARTA,JAKARTA PUSAT,MENTENG,GONDANGDIA,2020,5,4,0,4,4,2,2,9,6,0,2,1,1.0,0.5,0.2222222222222222,0.0,0.7777777777777778,17,0.26548231115783655,0.3555555555555555,0.6666666666666666,10.6,0.144
202005,3175051005,DKI JAKARTA,JAKARTA TIMUR,PASAR REBO,PEKAYON,2020,5,7,2,5,5,4,1,3,2,0,1,0,0.7142857142857143,0.2,0.3333333333333333,0.0,0.6666666666666666,15,0.3255801246087024,0.4333333333333333,0.6666666666666666,6.8,0.138
