id_kel,nama_provinsi,nama_kota,nama_kecamatan,nama_kelurahan,odp,proses_pemantauan,selesai_pemantauan,pdp,masih_dirawat,pulang_dan_sehat,positif,dirawat,sembuh,meninggal,self_isolation,total_kasus,recovery_rate,mortality_rate,active_cases,risk_score,kecamatan_positif_mean,kecamatan_positif_std,kecamatan_positif_min,kecamatan_positif_max,kecamatan_positif_sum,positif_vs_kecamatan_mean,positif_percentile,sembuh_percentile,meninggal_percentile,covid_burden,nama_provinsi_encoded,nama_provinsi_BELUM DIKETAHUI,nama_provinsi_DKI JAKARTA,nama_provinsi_LUAR DKI JAKARTA,nama_kota_encoded,nama_kota_BELUM DIKETAHUI,nama_kota_JAKARTA BARAT,nama_kota_JAKARTA PUSAT,nama_kota_JAKARTA SELATAN,nama_kota_JAKARTA TIMUR,nama_kota_JAKARTA UTARA,nama_kota_KAB.ADM.KEP.SERIBU,nama_kota_LUAR DKI JAKARTA
3172021007,DKI JAKARTA,JAKARTA UTARA,TANJUNG PRIOK,WARAKAS,0.0,1,0.0,0.0,2,0.0,1.0,0.0,0,1,0.0,1.0,0.0,0.0,0.0,0.0,2.0,3.0,4,30,4.0,0.0,2.0,20.817843866171003,53.71747211895911,26.5,1,False,True,False,5,False,False,False,False,False,True,False,False
3172031001,DKI JAKARTA,JAKARTA UTARA,KOJA,KOJA,0.0,0,0.0,0.0,0,0.0,0.0,0.0,0,0,0.0,0.0,0.0,0.0,0.0,0.0,1.0,2.0,1,18,2.0,0.0,0.0,20.817843866171003,20.63197026022305,2.5,1,False,True,False,5,False,False,False,False,False,True,False,False
3175091004,DKI JAKARTA,JAKARTA TIMUR,CIRACAS,SUSUKAN,0.0,0,0.0,0.0,1,0.0,0.0,0.0,0,0,0.0,0.0,0.0,0.0,0.0,0.0,1.0,2.0,1,18,1.0,0.0,0.0,20.817843866171003,20.63197026022305,2.5,1,False,True,False,4,False,False,False,False,True,False,False,False
3175051001,DKI JAKARTA,JAKARTA TIMUR,PASAR REBO,GEDONG,0.0,0,0.0,0.0,1,0.0,0.0,0.0,0,0,0.0,0.0,0.0,0.0,0.0,0.0,1.0,2.0,3,19,1.0,0.0,1.0,20.817843866171003,20.63197026022305,12.5,1,False,True,False,4,False,False,False,False,True,False,False,False
3175071006,DKI JAKARTA,JAKARTA TIMUR,DUREN SAWIT,MALAKA JAYA,0.0,0,0.0,0.0,2,0.0,1.0,0.0,0,0,0.0,1.0,0.0,0.0,0.0,0.0,2.0,4.0,6,30,4.0,0.0,1.0,20.817843866171003,20.63197026022305,15.0,1,False,True,False,4,False,False,False,False,True,False,False,False
3174031001,DKI JAKARTA,JAKARTA SELATAN,MAMPANG PRAPATAN,MAMPANG PRAPATAN,0.0,1,0.0,0.0,0,0.0,0.0,0.0,0,0,0.0,0.0,0.0,0.0,0.0,0.0,1.0,2.0,0,14,1.0,0.0,0.0,20.817843866171003,20.63197026022305,7.5,1,False,True,False,3,False,False,False,True,False,False,False,False
3171021005,DKI JAKARTA,JAKARTA PUSAT,SAWAH BESAR,MANGGA DUA SELATAN,0.0,2,0.0,0.0,4,0.0,0.0,0.0,0,0,0.0,0.0,0.0,0.0,0.0,0.0,1.0,1.0,5,17,2.0,0.0,1.0,20.817843866171003,20.63197026022305,12.5,1,False,True,False,2,False,False,True,False,False,False,False,False
3175031004,DKI JAKARTA,JAKARTA TIMUR,JATINEGARA,RAWA BUNGA,0.0,0,0.0,0.0,1,0.0,0.0,0.0,0,0,0.0,0.0,0.0,0.0,0.0,0.0,1.0,1.0,5,20,3.0,0.0,1.0,20.817843866171003,20.63197026022305,12.5,1,False,True,False,4,False,False,False,False,True,False,False,False
3173071006,DKI JAKARTA,JAKARTA BARAT,PALMERAH,KOTA BAMBU SELATAN,0.0,0,0.0,0.0,0,0.0,0.0,0.0,0,0,0.0,0.0,0.0,0.0,0.0,0.0,1.0,2.0,4,27,2.0,0.0,0.0,20.817843866171003,20.63197026022305,10.0,1,False,True,False,1,False,True,False,False,False,False,False,False
3173061002,DKI JAKARTA,JAKARTA BARAT,KALI DERES,SEMANAN,0.0,0,0.0,0.0,1,0.0,1.0,0.0,0,1,0.0,1.0,0.0,0.0,0.0,0.0,2.0,4.0,2,30,3.0,0.0,2.0,20.817843866171003,53.71747211895911,21.5,1,False,True,False,1,False,True,False,False,False,False,False,False
3171021003,DKI JAKARTA,JAKARTA PUSAT,SAWAH BESAR,KARTINI,0.0,0,0.0,0.0,3,0.0,1.0,0.0,0,1,0.0,1.0,0.0,0.0,0.0,0.0,1.0,1.0,5,17,2.0,0.0,2.0,20.817843866171003,53.71747211895911,24.0,1,False,True,False,2,False,False,True,False,False,False,False,False
3175011004,DKI JAKARTA,JAKARTA TIMUR,MATRAMAN,PAL MERIAM,0.0,1,0.0,0.0,5,0.0,2.0,0.0,0,2,0.0,2.0,0.0,1.0,0.0,0.0,2.0,3.0,2,27,3.0,1.0,3.0,20.817843866171003,74.53531598513011,33.0,1,False,True,False,4,False,False,False,False,True,False,False,False
3173031001,DKI JAKARTA,JAKARTA BARAT,TAMAN SARI,TAMAN SARI,0.0,1,0.0,0.0,2,0.0,1.0,0.0,0,2,0.0,1.0,0.0,1.0,0.0,0.0,1.0,3.0,1,30,2.0,1.0,2.0,20.817843866171003,74.53531598513011,23.0,1,False,True,False,1,False,True,False,False,False,False,False,False
3173041007,DKI JAKARTA,JAKARTA BARAT,TAMBORA,ANGKE,0.0,0,0.0,0.0,2,0.0,0.0,0.0,0,0,0.0,0.0,0.0,0.0,0.0,0.0,0.0,0.0,0,6,1.0,0.0,0.0,20.817843866171003,20.63197026022305,5.0,1,False,True,False,1,False,True,False,False,False,False,False,False
3174061004,DKI JAKARTA,JAKARTA SELATAN,CILANDAK,GANDARIA SELATAN,0.0,0,0.0,0.0,0,0.0,0.0,0.0,1,1,0.0,0.0,2.0,2.0,0.0,0.0,2.0,3.0,3,25,3.0,0.0,0.0,55.20446096654275,53.71747211895911,7.5,1,False,True,False,3,False,False,False,True,False,False,False,False
3171021002,DKI JAKARTA,JAKARTA PUSAT,SAWAH BESAR,KARANG ANYAR,0.0,0,0.0,0.0,5,0.0,1.0,0.0,0,1,0.0,1.0,0.0,0.0,0.0,0.0,1.0,1.0,5,17,2.0,0.0,2.0,20.817843866171003,53.71747211895911,21.5,1,False,True,False,2,False,False,True,False,False,False,False,False
3171061005,DKI JAKARTA,JAKARTA PUSAT,MENTENG,KEBON SIRIH,0.0,0,0.0,0.0,1,0.0,1.0,0.0,0,0,0.0,1.0,0.0,0.0,0.0,0.0,1.0,1.0,5,18,2.0,0.0,2.0,20.817843866171003,20.63197026022305,20.0,1,False,True,False,2,False,False,True,False,False,False,False,False
3175091003,DKI JAKARTA,JAKARTA TIMUR,CIRACAS,KELAPA DUA WETAN,0.0,1,0.0,0.0,3,0.0,1.0,0.0,0,0,0.0,1.0,0.0,0.0,0.0,0.0,1.0,2.0,1,18,1.0,1.0,2.0,20.817843866171003,20.63197026022305,25.0,1,False,True,False,4,False,False,False,False,True,False,False,False
3171041004,DKI JAKARTA,JAKARTA PUSAT,SENEN,KRAMAT,0.0,0,0.0,0.0,7,0.0,2.0,0.0,0,2,0.0,2.0,0.0,0.0,0.0,0.0,1.0,2.0,3,17,2.0,1.0,4.0,20.817843866171003,74.53531598513011,45.5,1,False,True,False,2,False,False,True,False,False,False,False,False
3174021008,DKI JAKARTA,JAKARTA SELATAN,SETIA BUDI,KUNINGAN TIMUR,0.0,0,0.0,0.0,0,0.0,1.0,0.0,0,2,0.0,1.0,0.0,1.0,0.0,0.0,0.0,1.0,3,12,1.0,1.0,2.0,20.817843866171003,74.53531598513011,25.5,1,False,True,False,3,False,False,False,True,False,False,False,False
3175081001,DKI JAKARTA,JAKARTA TIMUR,MAKASAR,MAKASAR,0.0,0,0.0,0.0,0,0.0,0.0,0.0,0,0,0.0,0.0,0.0,0.0,0.0,0.0,1.0,2.0,2,23,1.0,0.0,1.0,20.817843866171003,20.63197026022305,12.5,1,False,True,False,4,False,False,False,False,True,False,False,False
3174081005,DKI JAKARTA,JAKARTA SELATAN,PANCORAN,PENGADEGAN,0.0,0,0.0,0.0,1,0.0,0.0,0.0,1,0,0.0,0.0,1.0,0.0,0.0,0.0,1.0,1.0,5,12,1.0,0.0,1.0,55.20446096654275,20.63197026022305,11.0,1,False,True,False,3,False,False,False,True,False,False,False,False
3171071004,DKI JAKARTA,JAKARTA PUSAT,TANAH ABANG,PETAMBURAN,0.0,1,0.0,0.0,9,0.0,4.0,0.0,1,3,1.0,4.0,0.0,0.0,0.0,1.0,2.0,4.0,5,30,4.0,1.0,4.0,55.20446096654275,86.61710037174721,78.0,1,False,True,False,2,False,False,True,False,False,False,False,False
3172041005,DKI JAKARTA,JAKARTA UTARA,CILINCING,SEMPER TIMUR,0.0,1,0.0,0.0,3,0.0,1.0,0.0,0,0,0.0,1.0,0.0,0.0,0.0,0.0,1.0,0.0,5,9,1.0,1.0,1.0,20.817843866171003,20.63197026022305,15.0,1,False,True,False,5,False,False,False,False,False,True,False,False
3171071007,DKI JAKARTA,JAKARTA PUSAT,TANAH ABANG,KAMPUNG BALI,0.0,1,0.0,0.0,5,0.0,1.0,0.0,0,1,0.0,1.0,0.0,0.0,0.0,0.0,2.0,4.0,5,30,4.0,0.0,2.0,20.817843866171003,53.71747211895911,24.0,1,False,True,False,2,False,False,True,False,False,False,False,False
3173041009,DKI JAKARTA,JAKARTA BARAT,TAMBORA,PEKOJAN,0.0,0,0.0,0.0,6,0.0,0.0,0.0,0,0,0.0,0.0,0.0,0.0,0.0,0.0,0.0,0.0,0,6,1.0,1.0,0.0,20.817843866171003,20.63197026022305,10.0,1,False,True,False,1,False,True,False,False,False,False,False,False
3173011003,DKI JAKARTA,JAKARTA BARAT,CENGKARENG,RAWA BUAYA,0.0,0,0.0,0.0,1,0.0,1.0,0.0,1,1,0.0,1.0,1.0,1.0,0.0,0.0,2.0,1.0,6,19,3.0,0.0,1.0,55.20446096654275,53.71747211895911,15.0,1,False,True,False,1,False,True,False,False,False,False,False,False
3173031006,DKI JAKARTA,JAKARTA BARAT,TAMAN SARI,KEAGUNGAN,0.0,0,0.0,0.0,0,0.0,0.0,0.0,0,0,0.0,0.0,0.0,0.0,0.0,0.0,1.0,3.0,1,30,2.0,0.0,0.0,20.817843866171003,20.63197026022305,7.5,1,False,True,False,1,False,True,False,False,False,False,False,False
3172021001,DKI JAKARTA,JAKARTA UTARA,TANJUNG PRIOK,TANJUNG PRIOK,0.0,3,0.0,0.0,2,0.0,3.0,0.0,1,1,0.0,3.0,0.0,0.0,0.0,0.0,2.0,3.0,4,30,4.0,1.0,4.0,55.20446096654275,53.71747211895911,52.5,1,False,True,False,5,False,False,False,False,False,True,False,False
3171031001,DKI JAKARTA,JAKARTA PUSAT,KEMAYORAN,KEMAYORAN,0.0,1,0.0,0.0,7,0.0,1.0,0.0,0,1,0.0,1.0,0.0,1.0,0.0,0.0,1.0,1.0,5,18,2.0,0.0,1.0,20.817843866171003,53.71747211895911,16.5,1,False,True,False,2,False,False,True,False,False,False,False,False
3171011001,DKI JAKARTA,JAKARTA PUSAT,GAMBIR,GAMBIR,0.0,1,0.0,0.0,1,0.0,0.0,0.0,0,0,0.0,0.0,0.0,0.0,0.0,0.0,0.0,1.0,1,11,1.0,0.0,0.0,20.817843866171003,20.63197026022305,5.0,1,False,True,False,2,False,False,True,False,False,False,False,False
3175061007,DKI JAKARTA,JAKARTA TIMUR,CAKUNG,CAKUNG BARAT,0.0,2,0.0,0.0,1,0.0,1.0,0.0,0,0,0.0,1.0,0.0,0.0,0.0,0.0,1.0,3.0,1,28,3.0,0.0,2.0,20.817843866171003,20.63197026022305,20.0,1,False,True,False,4,False,False,False,False,True,False,False,False
3171061003,DKI JAKARTA,JAKARTA PUSAT,MENTENG,CIKINI,0.0,0,0.0,0.0,3,0.0,0.0,0.0,2,1,0.0,0.0,3.0,1.0,0.0,0.0,1.0,1.0,5,18,2.0,0.0,1.0,76.2081784386617,53.71747211895911,11.0,1,False,True,False,2,False,False,True,False,False,False,False,False
3174081006,DKI JAKARTA,JAKARTA SELATAN,PANCORAN,CIKOKO,0.0,1,0.0,0.0,0,0.0,1.0,0.0,0,1,0.0,1.0,0.0,1.0,0.0,0.0,1.0,1.0,5,12,1.0,0.0,1.0,20.817843866171003,53.71747211895911,16.5,1,False,True,False,3,False,False,False,True,False,False,False,False
3175031001,DKI JAKARTA,JAKARTA TIMUR,JATINEGARA,KAMPUNG MELAYU,0.0,1,0.0,0.0,3,0.0,1.0,0.0,0,1,0.0,1.0,0.0,1.0,0.0,0.0,1.0,1.0,5,20,3.0,0.0,1.0,20.817843866171003,53.71747211895911,19.0,1,False,True,False,4,False,False,False,False,True,False,False,False
3174031005,DKI JAKARTA,JAKARTA SELATAN,MAMPANG PRAPATAN,KUNINGAN BARAT,0.0,0,0.0,0.0,1,0.0,0.0,0.0,0,0,0.0,0.0,0.0,0.0,0.0,0.0,1.0,2.0,0,14,1.0,0.0,0.0,20.817843866171003,20.63197026022305,0.0,1,False,True,False,3,False,False,False,True,False,False,False,False
3171041005,DKI JAKARTA,JAKARTA PUSAT,SENEN,KWITANG,0.0,0,0.0,0.0,0,0.0,0.0,0.0,1,0,0.0,0.0,2.0,0.0,0.0,0.0,1.0,2.0,3,17,2.0,0.0,0.0,55.20446096654275,20.63197026022305,6.0,1,False,True,False,2,False,False,True,False,False,False,False,False
3172041003,DKI JAKARTA,JAKARTA UTARA,CILINCING,MARUNDA,0.0,1,0.0,0.0,3,0.0,0.0,0.0,0,1,0.0,0.0,0.0,1.0,0.0,0.0,1.0,0.0,5,9,1.0,0.0,1.0,20.817843866171003,53.71747211895911,14.0,1,False,True,False,5,False,False,False,False,False,True,False,False
3175061002,DKI JAKARTA,JAKARTA TIMUR,CAKUNG,RAWA TERATE,0.0,0,0.0,0.0,2,0.0,0.0,0.0,0,0,0.0,0.0,0.0,0.0,0.0,0.0,1.0,3.0,1,28,3.0,0.0,0.0,20.817843866171003,20.63197026022305,2.5,1,False,True,False,4,False,False,False,False,True,False,False,False
3173041010,DKI JAKARTA,JAKARTA BARAT,TAMBORA,ROA MALAKA,0.0,0,0.0,0.0,0,0.0,0.0,0.0,0,0,0.0,0.0,0.0,0.0,0.0,0.0,0.0,0.0,0,6,1.0,0.0,0.0,20.817843866171003,20.63197026022305,0.0,1,False,True,False,1,False,True,False,False,False,False,False,False
3171041001,DKI JAKARTA,JAKARTA PUSAT,SENEN,SENEN,0.0,0,0.0,0.0,0,0.0,0.0,0.0,0,1,0.0,0.0,0.0,2.0,0.0,0.0,1.0,2.0,3,17,2.0,0.0,0.0,20.817843866171003,53.71747211895911,9.0,1,False,True,False,2,False,False,True,False,False,False,False,False
3171031004,DKI JAKARTA,JAKARTA PUSAT,KEMAYORAN,SERDANG,0.0,0,0.0,0.0,5,0.0,1.0,0.0,0,0,0.0,1.0,0.0,0.0,0.0,0.0,1.0,1.0,5,18,2.0,0.0,1.0,20.817843866171003,20.63197026022305,15.0,1,False,True,False,2,False,False,True,False,False,False,False,False
3175061001,DKI JAKARTA,JAKARTA TIMUR,CAKUNG,JATINEGARA,0.0,0,0.0,0.0,3,0.0,2.0,0.0,0,3,0.0,2.0,0.0,1.0,0.0,1.0,1.0,3.0,1,28,3.0,1.0,3.0,20.817843866171003,86.61710037174721,37.0,1,False,True,False,4,False,False,False,False,True,False,False,False
3172031004,DKI JAKARTA,JAKARTA UTARA,KOJA,RAWA BADAK UTARA,0.0,0,0.0,0.0,2,0.0,0.0,0.0,0,0,0.0,0.0,0.0,0.0,0.0,0.0,1.0,2.0,1,18,2.0,0.0,0.0,20.817843866171003,20.63197026022305,5.0,1,False,True,False,5,False,False,False,False,False,True,False,False
3173041004,DKI JAKARTA,JAKARTA BARAT,TAMBORA,TANAH SEREAL,0.0,0,0.0,0.0,2,0.0,0.0,0.0,0,1,0.0,0.0,0.0,2.0,0.0,0.0,0.0,0.0,0,6,1.0,1.0,0.0,20.817843866171003,53.71747211895911,9.0,1,False,True,False,1,False,True,False,False,False,False,False,False
3173041011,DKI JAKARTA,JAKARTA BARAT,TAMBORA,DURI SELATAN,0.0,0,0.0,0.0,0,0.0,0.0,0.0,0,0,0.0,0.0,0.0,0.0,0.0,0.0,0.0,0.0,0,6,1.0,0.0,0.0,20.817843866171003,20.63197026022305,0.0,1,False,True,False,1,False,True,False,False,False,False,False,False
3173041003,DKI JAKARTA,JAKARTA BARAT,TAMBORA,DURI UTARA,0.0,0,0.0,0.0,0,0.0,0.0,0.0,0,0,0.0,0.0,0.0,0.0,0.0,0.0,0.0,0.0,0,6,1.0,0.0,0.0,20.817843866171003,20.63197026022305,5.0,1,False,True,False,1,False,True,False,False,False,False,False,False
3175021004,DKI JAKARTA,JAKARTA TIMUR,PULO GADUNG,JATINEGARA KAUM,0.0,1,0.0,0.0,0,0.0,0.0,0.0,0,0,0.0,0.0,0.0,0.0,0.0,0.0,2.0,3.0,1,30,3.0,0.0,0.0,20.817843866171003,20.63197026022305,2.5,1,False,True,False,4,False,False,False,False,True,False,False,False
3173041002,DKI JAKARTA,JAKARTA BARAT,TAMBORA,KALI ANYAR,0.0,0,0.0,0.0,1,0.0,0.0,0.0,0,2,0.0,0.0,0.0,4.0,0.0,1.0,0.0,0.0,0,6,1.0,1.0,0.0,20.817843866171003,74.53531598513011,10.5,1,False,True,False,1,False,True,False,False,False,False,False,False
3173031002,DKI JAKARTA,JAKARTA BARAT,TAMAN SARI,KRUKUT,0.0,0,0.0,0.0,6,0.0,0.0,0.0,0,1,0.0,0.0,0.0,1.0,0.0,0.0,1.0,3.0,1,30,2.0,0.0,1.0,20.817843866171003,53.71747211895911,14.0,1,False,True,False,1,False,True,False,False,False,False,False,False
3173031005,DKI JAKARTA,JAKARTA BARAT,TAMAN SARI,MANGGA BESAR,0.0,0,0.0,0.0,0,0.0,0.0,0.0,0,0,0.0,0.0,0.0,0.0,0.0,0.0,1.0,3.0,1,30,2.0,0.0,0.0,20.817843866171003,20.63197026022305,5.0,1,False,True,False,1,False,True,False,False,False,False,False,False
3174011006,DKI JAKARTA,JAKARTA SELATAN,TEBET,MANGGARAI SELATAN,0.0,0,0.0,0.0,2,0.0,1.0,0.0,0,1,0.0,1.0,0.0,0.0,0.0,0.0,2.0,3.0,1,28,3.0,0.0,2.0,20.817843866171003,53.71747211895911,26.5,1,False,True,False,3,False,False,False,True,False,False,False,False
3101011003,DKI JAKARTA,KAB.ADM.KEP.SERIBU,KEP. SERIBU UTARA,PULAU HARAPAN,0.0,0,0.0,0.0,0,0.0,0.0,0.0,0,0,0.0,0.0,0.0,0.0,0.0,0.0,0.0,0.0,0,1,0.0,0.0,0.0,20.817843866171003,20.63197026022305,0.0,1,False,True,False,6,False,False,False,False,False,False,True,False
3101011002,DKI JAKARTA,KAB.ADM.KEP.SERIBU,KEP. SERIBU UTARA,PULAU KELAPA,0.0,1,0.0,0.0,1,0.0,0.0,0.0,0,0,0.0,0.0,0.0,0.0,0.0,0.0,0.0,0.0,0,1,0.0,3.0,0.0,20.817843866171003,20.63197026022305,2.5,1,False,True,False,6,False,False,False,False,False,False,True,False
3101011001,DKI JAKARTA,KAB.ADM.KEP.SERIBU,KEP. SERIBU UTARA,PULAU PANGGANG,0.0,1,0.0,0.0,0,0.0,0.0,0.0,0,0,0.0,0.0,0.0,0.0,0.0,0.0,0.0,0.0,0,1,0.0,0.0,0.0,20.817843866171003,20.63197026022305,0.0,1,False,True,False,6,False,False,False,False,False,False,True,False
3101021003,DKI JAKARTA,KAB.ADM.KEP.SERIBU,KEP. SERIBU SELATAN,PULAU PARI,0.0,0,0.0,0.0,0,0.0,0.0,0.0,0,0,0.0,0.0,0.0,0.0,0.0,0.0,0.0,1.0,0,9,0.0,0.0,0.0,20.817843866171003,20.63197026022305,0.0,1,False,True,False,6,False,False,False,False,False,False,True,False
3101021002,DKI JAKARTA,KAB.ADM.KEP.SERIBU,KEP. SERIBU SELATAN,PULAU TIDUNG,0.0,1,0.0,0.0,0,0.0,1.0,0.0,0,0,0.0,1.0,0.0,0.0,0.0,0.0,0.0,1.0,0,9,0.0,3.0,2.0,20.817843866171003,20.63197026022305,22.5,1,False,True,False,6,False,False,False,False,False,False,True,False
3173031008,DKI JAKARTA,JAKARTA BARAT,TAMAN SARI,PINANGSIA,0.0,0,0.0,0.0,2,0.0,0.0,0.0,0,0,0.0,0.0,0.0,0.0,0.0,0.0,1.0,3.0,1,30,2.0,0.0,0.0,20.817843866171003,20.63197026022305,2.5,1,False,True,False,1,False,True,False,False,False,False,False,False
3174021001,DKI JAKARTA,JAKARTA SELATAN,SETIA BUDI,SETIA BUDI,0.0,0,0.0,0.0,2,0.0,0.0,0.0,1,0,0.0,0.0,2.0,0.0,0.0,0.0,0.0,1.0,3,12,1.0,0.0,0.0,55.20446096654275,20.63197026022305,6.0,1,False,True,False,3,False,False,False,True,False,False,False,False
3173041001,DKI JAKARTA,JAKARTA BARAT,TAMBORA,TAMBORA,0.0,0,0.0,0.0,0,0.0,0.0,0.0,0,0,0.0,0.0,0.0,0.0,0.0,0.0,0.0,0.0,0,6,1.0,0.0,0.0,20.817843866171003,20.63197026022305,2.5,1,False,True,False,1,False,True,False,False,False,False,False,False
3101021001,DKI JAKARTA,KAB.ADM.KEP.SERIBU,KEP. SERIBU SELATAN,PULAU UNTUNG JAWA,0.0,0,0.0,0.0,0,0.0,0.0,0.0,0,0,0.0,0.0,0.0,0.0,0.0,0.0,0.0,1.0,0,9,0.0,0.0,0.0,20.817843866171003,20.63197026022305,0.0,1,False,True,False,6,False,False,False,False,False,False,True,False
BELUM DIKETAHUI,BELUM DIKETAHUI,BELUM DIKETAHUI,BELUM DIKETAHUI,BELUM DIKETAHUI,4.0,49,4.0,4.0,150,4.0,4.0,3.0,5,5,1.0,4.0,1.0,1.0,3.0,4.0,4.0,0.0,30,30,1.0,1.0,4.0,97.39776951672863,97.95539033457248,75.0,0,True,False,False,0,True,False,False,False,False,False,False,False
LUAR DKI JAKARTA,LUAR DKI JAKARTA,LUAR DKI JAKARTA,LUAR DKI JAKARTA,LUAR DKI JAKARTA,2.0,24,2.0,1.0,120,1.0,4.0,4.0,5,5,4.0,4.0,1.0,1.0,4.0,4.0,4.0,0.0,30,30,1.0,1.0,4.0,97.39776951672863,97.95539033457248,75.0,2,False,False,True,7,False,False,False,False,False,False,False,True
3173061005,DKI JAKARTA,JAKARTA BARAT,KALI DERES,PEGADUNGAN,0.0,1,0.0,0.0,4,0.0,4.0,0.0,5,3,0.0,4.0,1.0,0.0,0.0,1.0,2.0,4.0,2,30,3.0,1.0,4.0,97.39776951672863,86.61710037174721,72.0,1,False,True,False,1,False,True,False,False,False,False,False,False
3174071006,DKI JAKARTA,JAKARTA SELATAN,KEBAYORAN BARU,SENAYAN,0.0,0,0.0,0.0,12,0.0,2.0,0.0,5,0,0.0,2.0,2.0,0.0,0.0,0.0,0.0,1.0,1,17,2.0,3.0,4.0,97.39776951672863,20.63197026022305,35.0,1,False,True,False,3,False,False,False,True,False,False,False,False
3173051001,DKI JAKARTA,JAKARTA BARAT,KEBON JERUK,KEBON JERUK,0.0,0,0.0,0.0,5,0.0,4.0,0.0,5,5,0.0,4.0,1.0,1.0,0.0,1.0,2.0,3.0,8,30,4.0,1.0,4.0,97.39776951672863,97.95539033457248,75.0,1,False,True,False,1,False,True,False,False,False,False,False,False
3172061001,DKI JAKARTA,JAKARTA UTARA,KELAPA GADING,KELAPA GADING TIMUR,0.0,0,0.0,0.0,10,0.0,4.0,0.0,5,4,0.0,4.0,1.0,1.0,0.0,1.0,4.0,3.0,15,30,3.0,1.0,4.0,97.39776951672863,93.12267657992564,73.5,1,False,True,False,5,False,False,False,False,False,True,False,False
3173021003,DKI JAKARTA,JAKARTA BARAT,GROGOL PETAMBURAN,TOMANG,0.0,1,0.0,0.0,5,0.0,4.0,0.0,5,1,0.0,4.0,1.0,0.0,0.0,1.0,2.0,3.0,6,30,3.0,2.0,4.0,97.39776951672863,53.71747211895911,69.0,1,False,True,False,1,False,True,False,False,False,False,False,False
3175071001,DKI JAKARTA,JAKARTA TIMUR,DUREN SAWIT,DUREN SAWIT,0.0,0,0.0,0.0,9,0.0,4.0,0.0,5,4,0.0,4.0,1.0,1.0,0.0,1.0,2.0,4.0,6,30,4.0,1.0,4.0,97.39776951672863,93.12267657992564,71.0,1,False,True,False,4,False,False,False,False,True,False,False,False
3173061001,DKI JAKARTA,JAKARTA BARAT,KALI DERES,KALIDERES,0.0,1,0.0,0.0,4,0.0,4.0,0.0,5,5,0.0,4.0,1.0,1.0,0.0,1.0,2.0,4.0,2,30,3.0,1.0,4.0,97.39776951672863,97.95539033457248,75.0,1,False,True,False,1,False,True,False,False,False,False,False,False
3174051002,DKI JAKARTA,JAKARTA SELATAN,KEBAYORAN LAMA,PONDOK PINANG,0.0,2,0.0,0.0,6,0.0,4.0,0.0,1,5,0.0,4.0,0.0,1.0,0.0,1.0,2.0,2.0,8,30,3.0,2.0,4.0,55.20446096654275,97.95539033457248,81.0,1,False,True,False,3,False,False,False,True,False,False,False,False
3175071004,DKI JAKARTA,JAKARTA TIMUR,DUREN SAWIT,PONDOK KELAPA,0.0,0,0.0,0.0,4,0.0,4.0,0.0,2,5,0.0,4.0,0.0,1.0,0.0,1.0,2.0,4.0,6,30,4.0,1.0,4.0,76.2081784386617,97.95539033457248,79.5,1,False,True,False,4,False,False,False,False,True,False,False,False
3174061001,DKI JAKARTA,JAKARTA SELATAN,CILANDAK,CILANDAK BARAT,0.0,2,0.0,0.0,6,0.0,4.0,0.0,5,3,0.0,4.0,1.0,0.0,0.0,1.0,2.0,3.0,3,25,3.0,1.0,4.0,97.39776951672863,86.61710037174721,59.5,1,False,True,False,3,False,False,False,True,False,False,False,False
3173081004,DKI JAKARTA,JAKARTA BARAT,KEMBANGAN,SRENGSENG,0.0,0,0.0,0.0,2,0.0,3.0,0.0,5,2,0.0,3.0,2.0,0.0,0.0,0.0,2.0,1.0,8,18,3.0,1.0,4.0,97.39776951672863,74.53531598513011,40.5,1,False,True,False,1,False,True,False,False,False,False,False,False
3174011003,DKI JAKARTA,JAKARTA SELATAN,TEBET,MENTENG DALAM,0.0,1,0.0,0.0,0,0.0,3.0,0.0,4,2,0.0,3.0,1.0,0.0,0.0,0.0,2.0,3.0,1,28,3.0,1.0,4.0,93.68029739776952,74.53531598513011,49.5,1,False,True,False,3,False,False,False,True,False,False,False,False
3172061003,DKI JAKARTA,JAKARTA UTARA,KELAPA GADING,KELAPA GADING BARAT,0.0,1,0.0,0.0,4,0.0,4.0,0.0,5,3,0.0,4.0,1.0,0.0,0.0,1.0,4.0,3.0,15,30,3.0,1.0,4.0,97.39776951672863,86.61710037174721,72.0,1,False,True,False,5,False,False,False,False,False,True,False,False
3174031002,DKI JAKARTA,JAKARTA SELATAN,MAMPANG PRAPATAN,BANGKA,0.0,0,0.0,0.0,3,0.0,1.0,0.0,5,1,0.0,1.0,3.0,0.0,0.0,0.0,1.0,2.0,0,14,1.0,1.0,3.0,97.39776951672863,53.71747211895911,21.5,1,False,True,False,3,False,False,False,True,False,False,False,False
3175081004,DKI JAKARTA,JAKARTA TIMUR,MAKASAR,HALIM PERDANA KUSUMAH,0.0,0,0.0,0.0,2,0.0,3.0,0.0,5,2,0.0,3.0,1.0,0.0,0.0,1.0,1.0,2.0,2,23,1.0,2.0,4.0,97.39776951672863,74.53531598513011,53.0,1,False,True,False,4,False,False,False,False,True,False,False,False
3172021006,DKI JAKARTA,JAKARTA UTARA,TANJUNG PRIOK,SUNTER AGUNG,0.0,4,0.0,0.0,25,0.0,4.0,0.0,4,5,0.0,4.0,1.0,1.0,0.0,1.0,2.0,3.0,4,30,4.0,2.0,4.0,93.68029739776952,97.95539033457248,76.5,1,False,True,False,5,False,False,False,False,False,True,False,False
3172011005,DKI JAKARTA,JAKARTA UTARA,PENJARINGAN,PLUIT,0.0,1,0.0,0.0,4,0.0,4.0,0.0,3,2,0.0,4.0,1.0,0.0,0.0,1.0,2.0,2.0,9,24,2.0,1.0,4.0,88.10408921933085,74.53531598513011,58.5,1,False,True,False,5,False,False,False,False,False,True,False,False
3174091005,DKI JAKARTA,JAKARTA SELATAN,JAGAKARSA,TANJUNG BARAT,0.0,0,0.0,0.0,2,0.0,3.0,0.0,1,2,0.0,3.0,0.0,0.0,0.0,0.0,1.0,1.0,4,18,2.0,1.0,4.0,55.20446096654275,74.53531598513011,46.5,1,False,True,False,3,False,False,False,True,False,False,False,False
3173051005,DKI JAKARTA,JAKARTA BARAT,KEBON JERUK,DURI KEPA,0.0,0,0.0,0.0,7,0.0,4.0,0.0,2,2,0.0,4.0,0.0,0.0,0.0,1.0,2.0,3.0,8,30,4.0,1.0,4.0,76.2081784386617,74.53531598513011,72.5,1,False,True,False,1,False,True,False,False,False,False,False,False
3175021007,DKI JAKARTA,JAKARTA TIMUR,PULO GADUNG,JATI,0.0,0,0.0,0.0,9,0.0,3.0,0.0,2,0,0.0,3.0,0.0,0.0,0.0,0.0,2.0,3.0,1,30,3.0,1.0,4.0,76.2081784386617,20.63197026022305,44.5,1,False,True,False,4,False,False,False,False,True,False,False,False
3174011001,DKI JAKARTA,JAKARTA SELATAN,TEBET,TEBET TIMUR,0.0,0,0.0,0.0,1,0.0,2.0,0.0,3,3,0.0,2.0,1.0,1.0,0.0,1.0,2.0,3.0,1,28,3.0,1.0,3.0,88.10408921933085,86.61710037174721,37.5,1,False,True,False,3,False,False,False,True,False,False,False,False
3174061002,DKI JAKARTA,JAKARTA SELATAN,CILANDAK,LEBAK BULUS,0.0,3,0.0,0.0,0,0.0,3.0,0.0,3,5,0.0,3.0,1.0,1.0,0.0,1.0,2.0,3.0,3,25,3.0,1.0,4.0,88.10408921933085,97.95539033457248,53.0,1,False,True,False,3,False,False,False,True,False,False,False,False
3174101002,DKI JAKARTA,JAKARTA SELATAN,PESANGGRAHAN,BINTARO,0.0,1,0.0,0.0,3,0.0,3.0,0.0,3,5,0.0,3.0,1.0,1.0,0.0,1.0,2.0,2.0,6,23,2.0,1.0,4.0,88.10408921933085,97.95539033457248,60.5,1,False,True,False,3,False,False,False,True,False,False,False,False
3171031003,DKI JAKARTA,JAKARTA PUSAT,KEMAYORAN,HARAPAN MULIA,0.0,1,0.0,0.0,3,0.0,2.0,0.0,1,2,0.0,2.0,0.0,1.0,0.0,0.0,1.0,1.0,5,18,2.0,1.0,3.0,55.20446096654275,74.53531598513011,31.5,1,False,True,False,2,False,False,True,False,False,False,False,False
3173051007,DKI JAKARTA,JAKARTA BARAT,KEBON JERUK,KEDOYA SELATAN,0.0,0,0.0,0.0,2,0.0,1.0,0.0,4,1,0.0,1.0,3.0,0.0,0.0,0.0,2.0,3.0,8,30,4.0,0.0,3.0,93.68029739776952,53.71747211895911,23.0,1,False,True,False,1,False,True,False,False,False,False,False,False
3173051004,DKI JAKARTA,JAKARTA BARAT,KEBON JERUK,KELAPA DUA,0.0,0,0.0,0.0,0,0.0,2.0,0.0,2,0,0.0,2.0,1.0,0.0,0.0,0.0,2.0,3.0,8,30,4.0,0.0,3.0,76.2081784386617,20.63197026022305,29.5,1,False,True,False,1,False,True,False,False,False,False,False,False
3175041004,DKI JAKARTA,JAKARTA TIMUR,KRAMAT JATI,BATU AMPAR,0.0,1,0.0,0.0,6,0.0,3.0,0.0,1,3,0.0,3.0,0.0,1.0,0.0,1.0,1.0,1.0,5,19,2.0,1.0,4.0,55.20446096654275,86.61710037174721,50.5,1,False,True,False,4,False,False,False,False,True,False,False,False
3174071005,DKI JAKARTA,JAKARTA SELATAN,KEBAYORAN BARU,RAWA BARAT,0.0,0,0.0,0.0,3,0.0,1.0,0.0,4,1,0.0,1.0,4.0,1.0,0.0,0.0,0.0,1.0,1,17,2.0,1.0,1.0,93.68029739776952,53.71747211895911,13.0,1,False,True,False,3,False,False,False,True,False,False,False,False
3175031006,DKI JAKARTA,JAKARTA TIMUR,JATINEGARA,CIPINANG MUARA,0.0,0,0.0,0.0,0,0.0,3.0,0.0,1,2,0.0,3.0,0.0,0.0,0.0,0.0,1.0,1.0,5,20,3.0,2.0,4.0,55.20446096654275,74.53531598513011,51.5,1,False,True,False,4,False,False,False,False,True,False,False,False
3175061003,DKI JAKARTA,JAKARTA TIMUR,CAKUNG,PENGGILINGAN,0.0,1,0.0,0.0,8,0.0,4.0,0.0,3,2,0.0,4.0,0.0,0.0,0.0,1.0,1.0,3.0,1,28,3.0,2.0,4.0,88.10408921933085,74.53531598513011,68.5,1,False,True,False,4,False,False,False,False,True,False,False,False
3174011002,DKI JAKARTA,JAKARTA SELATAN,TEBET,TEBET BARAT,0.0,0,0.0,0.0,2,0.0,4.0,0.0,1,2,0.0,4.0,0.0,0.0,0.0,1.0,2.0,3.0,1,28,3.0,2.0,4.0,55.20446096654275,74.53531598513011,71.5,1,False,True,False,3,False,False,False,True,False,False,False,False
3173021004,DKI JAKARTA,JAKARTA BARAT,GROGOL PETAMBURAN,JELAMBAR,0.0,0,0.0,0.0,1,0.0,2.0,0.0,3,3,0.0,2.0,2.0,1.0,0.0,1.0,2.0,3.0,6,30,3.0,1.0,3.0,88.10408921933085,86.61710037174721,32.5,1,False,True,False,1,False,True,False,False,False,False,False,False
3174011005,DKI JAKARTA,JAKARTA SELATAN,TEBET,BUKIT DURI,0.0,0,0.0,0.0,5,0.0,2.0,0.0,3,3,0.0,2.0,2.0,1.0,0.0,1.0,2.0,3.0,1,28,3.0,1.0,3.0,88.10408921933085,86.61710037174721,32.5,1,False,True,False,3,False,False,False,True,False,False,False,False
3174021003,DKI JAKARTA,JAKARTA SELATAN,SETIA BUDI,KARET KUNINGAN,0.0,1,0.0,0.0,1,0.0,2.0,0.0,3,2,0.0,2.0,2.0,1.0,0.0,0.0,0.0,1.0,3,12,1.0,2.0,3.0,88.10408921933085,74.53531598513011,28.5,1,False,True,False,3,False,False,False,True,False,False,False,False
3173071001,DKI JAKARTA,JAKARTA BARAT,PALMERAH,PALMERAH,0.0,3,0.0,0.0,5,0.0,4.0,0.0,3,4,0.0,4.0,0.0,1.0,0.0,1.0,1.0,2.0,4,27,2.0,2.0,4.0,88.10408921933085,93.12267657992564,69.0,1,False,True,False,1,False,True,False,False,False,False,False,False
3171051002,DKI JAKARTA,JAKARTA PUSAT,CEMPAKA PUTIH,CEMPAKA PUTIH BARAT,0.0,1,0.0,0.0,7,0.0,4.0,0.0,3,5,0.0,4.0,0.0,1.0,0.0,1.0,3.0,4.0,6,30,2.0,1.0,4.0,88.10408921933085,97.95539033457248,78.0,1,False,True,False,2,False,False,True,False,False,False,False,False
3175041007,DKI JAKARTA,JAKARTA TIMUR,KRAMAT JATI,CAWANG,0.0,0,0.0,0.0,1,0.0,2.0,0.0,1,1,0.0,2.0,0.0,0.0,0.0,0.0,1.0,1.0,5,19,2.0,1.0,3.0,55.20446096654275,53.71747211895911,32.5,1,False,True,False,4,False,False,False,False,True,False,False,False
3175021006,DKI JAKARTA,JAKARTA TIMUR,PULO GADUNG,KAYU PUTIH,0.0,1,0.0,0.0,6,0.0,4.0,0.0,1,4,0.0,4.0,0.0,1.0,0.0,1.0,2.0,3.0,1,30,3.0,2.0,4.0,55.20446096654275,93.12267657992564,79.5,1,False,True,False,4,False,False,False,False,True,False,False,False
3171061001,DKI JAKARTA,JAKARTA PUSAT,MENTENG,MENTENG,0.0,0,0.0,0.0,3,0.0,3.0,0.0,2,4,0.0,3.0,0.0,1.0,0.0,1.0,1.0,1.0,5,18,2.0,1.0,4.0,76.2081784386617,93.12267657992564,48.0,1,False,True,False,2,False,False,True,False,False,False,False,False
3175051004,DKI JAKARTA,JAKARTA TIMUR,PASAR REBO,KALISARI,0.0,2,0.0,0.0,2,0.0,3.0,0.0,3,2,0.0,3.0,1.0,0.0,0.0,0.0,1.0,2.0,3,19,1.0,3.0,4.0,88.10408921933085,74.53531598513011,46.0,1,False,True,False,4,False,False,False,False,True,False,False,False
3174051001,DKI JAKARTA,JAKARTA SELATAN,KEBAYORAN LAMA,KEBAYORAN LAMA UTARA,0.0,0,0.0,0.0,3,0.0,1.0,0.0,3,1,0.0,1.0,2.0,0.0,0.0,0.0,2.0,2.0,8,30,3.0,0.0,3.0,88.10408921933085,53.71747211895911,24.5,1,False,True,False,3,False,False,False,True,False,False,False,False
3173051006,DKI JAKARTA,JAKARTA BARAT,KEBON JERUK,KEDOYA UTARA,0.0,1,0.0,0.0,2,0.0,2.0,0.0,1,0,0.0,2.0,0.0,0.0,0.0,0.0,2.0,3.0,8,30,4.0,0.0,3.0,55.20446096654275,20.63197026022305,31.0,1,False,True,False,1,False,True,False,False,False,False,False,False
3171031002,DKI JAKARTA,JAKARTA PUSAT,KEMAYORAN,KEBON KOSONG,0.0,3,0.0,0.0,8,0.0,3.0,0.0,3,4,0.0,3.0,1.0,1.0,0.0,1.0,1.0,1.0,5,18,2.0,2.0,4.0,88.10408921933085,93.12267657992564,46.5,1,False,True,False,2,False,False,True,False,False,False,False,False
3173081001,DKI JAKARTA,JAKARTA BARAT,KEMBANGAN,KEMBANGAN UTARA,0.0,0,0.0,0.0,4,0.0,2.0,0.0,3,1,0.0,2.0,1.0,0.0,0.0,0.0,2.0,1.0,8,18,3.0,1.0,4.0,88.10408921933085,53.71747211895911,37.0,1,False,True,False,1,False,True,False,False,False,False,False,False
3171081001,DKI JAKARTA,JAKARTA PUSAT,JOHAR BARU,JOHAR BARU,0.0,1,0.0,0.0,6,0.0,2.0,0.0,2,2,0.0,2.0,1.0,0.0,0.0,0.0,1.0,2.0,2,16,1.0,1.0,4.0,76.2081784386617,74.53531598513011,40.0,1,False,True,False,2,False,False,True,False,False,False,False,False
3175021002,DKI JAKARTA,JAKARTA TIMUR,PULO GADUNG,PISANGAN TIMUR,0.0,1,0.0,0.0,5,0.0,1.0,0.0,1,3,0.0,1.0,1.0,3.0,0.0,1.0,2.0,3.0,1,30,3.0,0.0,1.0,55.20446096654275,86.61710037174721,20.5,1,False,True,False,4,False,False,False,False,True,False,False,False
3171031005,DKI JAKARTA,JAKARTA PUSAT,KEMAYORAN,GUNUNG SAHARI SELATAN,0.0,2,0.0,0.0,2,0.0,0.0,0.0,0,0,0.0,0.0,0.0,0.0,0.0,0.0,1.0,1.0,5,18,2.0,0.0,1.0,20.817843866171003,20.63197026022305,12.5,1,False,True,False,2,False,False,True,False,False,False,False,False
3171071005,DKI JAKARTA,JAKARTA PUSAT,TANAH ABANG,KEBON MELATI,0.0,3,0.0,0.0,11,0.0,4.0,0.0,1,2,0.0,4.0,0.0,0.0,0.0,1.0,2.0,4.0,5,30,4.0,1.0,4.0,55.20446096654275,74.53531598513011,76.5,1,False,True,False,2,False,False,True,False,False,False,False,False
3171041002,DKI JAKARTA,JAKARTA PUSAT,SENEN,KENARI,0.0,1,0.0,0.0,4,0.0,1.0,0.0,2,0,0.0,1.0,2.0,0.0,0.0,0.0,1.0,2.0,3,17,2.0,0.0,1.0,76.2081784386617,20.63197026022305,14.5,1,False,True,False,2,False,False,True,False,False,False,False,False
3172051003,DKI JAKARTA,JAKARTA UTARA,PADEMANGAN,ANCOL,0.0,0,0.0,0.0,1,0.0,1.0,0.0,1,0,0.0,1.0,1.0,0.0,0.0,0.0,2.0,4.0,6,30,1.0,0.0,1.0,55.20446096654275,20.63197026022305,13.5,1,False,True,False,5,False,False,False,False,False,True,False,False
3173081003,DKI JAKARTA,JAKARTA BARAT,KEMBANGAN,MERUYA SELATAN,0.0,0,0.0,0.0,3,0.0,1.0,0.0,1,1,0.0,1.0,1.0,0.0,0.0,0.0,2.0,1.0,8,18,3.0,0.0,2.0,55.20446096654275,53.71747211895911,20.0,1,False,True,False,1,False,True,False,False,False,False,False,False
3172021005,DKI JAKARTA,JAKARTA UTARA,TANJUNG PRIOK,KEBON BAWANG,0.0,0,0.0,0.0,5,0.0,2.0,0.0,1,0,0.0,2.0,0.0,0.0,0.0,0.0,2.0,3.0,4,30,4.0,0.0,3.0,55.20446096654275,20.63197026022305,28.5,1,False,True,False,5,False,False,False,False,False,True,False,False
3174081002,DKI JAKARTA,JAKARTA SELATAN,PANCORAN,KALIBATA,0.0,0,0.0,0.0,4,0.0,1.0,0.0,1,0,0.0,1.0,0.0,0.0,0.0,0.0,1.0,1.0,5,12,1.0,1.0,2.0,55.20446096654275,20.63197026022305,21.0,1,False,True,False,3,False,False,False,True,False,False,False,False
3173011001,DKI JAKARTA,JAKARTA BARAT,CENGKARENG,CENGKARENG BARAT,0.0,0,0.0,0.0,1,0.0,2.0,0.0,1,0,0.0,2.0,0.0,0.0,0.0,0.0,2.0,1.0,6,19,3.0,1.0,3.0,55.20446096654275,20.63197026022305,36.0,1,False,True,False,1,False,True,False,False,False,False,False,False
3174021005,DKI JAKARTA,JAKARTA SELATAN,SETIA BUDI,MENTENG ATAS,0.0,0,0.0,0.0,3,0.0,1.0,0.0,0,1,0.0,1.0,0.0,0.0,0.0,0.0,0.0,1.0,3,12,1.0,1.0,2.0,20.817843866171003,53.71747211895911,21.5,1,False,True,False,3,False,False,False,True,False,False,False,False
3174091006,DKI JAKARTA,JAKARTA SELATAN,JAGAKARSA,CIPEDAK,0.0,0,0.0,0.0,0,0.0,0.0,0.0,0,0,0.0,0.0,0.0,0.0,0.0,0.0,1.0,1.0,4,18,2.0,0.0,0.0,20.817843866171003,20.63197026022305,10.0,1,False,True,False,3,False,False,False,True,False,False,False,False
3171081004,DKI JAKARTA,JAKARTA PUSAT,JOHAR BARU,TANAH TINGGI,0.0,0,0.0,0.0,3,0.0,1.0,0.0,2,1,0.0,1.0,2.0,1.0,0.0,0.0,1.0,2.0,2,16,1.0,0.0,1.0,76.2081784386617,53.71747211895911,16.0,1,False,True,False,2,False,False,True,False,False,False,False,False
3175091002,DKI JAKARTA,JAKARTA TIMUR,CIRACAS,CIBUBUR,0.0,1,0.0,0.0,3,0.0,1.0,0.0,1,2,0.0,1.0,0.0,1.0,0.0,0.0,1.0,2.0,1,18,1.0,1.0,2.0,55.20446096654275,74.53531598513011,26.5,1,False,True,False,4,False,False,False,False,True,False,False,False
3173061004,DKI JAKARTA,JAKARTA BARAT,KALI DERES,KAMAL,0.0,0,0.0,0.0,0,0.0,0.0,0.0,1,0,0.0,0.0,4.0,0.0,0.0,0.0,2.0,4.0,2,30,3.0,0.0,0.0,55.20446096654275,20.63197026022305,3.5,1,False,True,False,1,False,True,False,False,False,False,False,False
3175021001,DKI JAKARTA,JAKARTA TIMUR,PULO GADUNG,PULO GADUNG,0.0,1,0.0,0.0,3,0.0,2.0,0.0,1,0,0.0,2.0,0.0,0.0,0.0,0.0,2.0,3.0,1,30,3.0,1.0,3.0,55.20446096654275,20.63197026022305,36.0,1,False,True,False,4,False,False,False,False,True,False,False,False
3171031008,DKI JAKARTA,JAKARTA PUSAT,KEMAYORAN,UTAN PANJANG,0.0,0,0.0,0.0,2,0.0,1.0,0.0,1,0,0.0,1.0,1.0,0.0,0.0,0.0,1.0,1.0,5,18,2.0,0.0,2.0,55.20446096654275,20.63197026022305,18.5,1,False,True,False,2,False,False,True,False,False,False,False,False
3174031004,DKI JAKARTA,JAKARTA SELATAN,MAMPANG PRAPATAN,TEGAL PARANG,0.0,0,0.0,0.0,2,0.0,1.0,0.0,1,1,0.0,1.0,0.0,0.0,0.0,0.0,1.0,2.0,0,14,1.0,1.0,2.0,55.20446096654275,53.71747211895911,25.0,1,False,True,False,3,False,False,False,True,False,False,False,False
3175101006,DKI JAKARTA,JAKARTA TIMUR,CIPAYUNG,BAMBU APUS,0.0,1,0.0,0.0,0,0.0,0.0,0.0,1,0,0.0,0.0,1.0,0.0,0.0,0.0,0.0,0.0,1,9,1.0,1.0,1.0,55.20446096654275,20.63197026022305,11.0,1,False,True,False,4,False,False,False,False,True,False,False,False
3175041005,DKI JAKARTA,JAKARTA TIMUR,KRAMAT JATI,BALE KAMBANG,0.0,0,0.0,0.0,2,0.0,0.0,0.0,2,0,0.0,0.0,3.0,0.0,0.0,0.0,1.0,1.0,5,19,2.0,0.0,1.0,76.2081784386617,20.63197026022305,9.5,1,False,True,False,4,False,False,False,False,True,False,False,False
3174071008,DKI JAKARTA,JAKARTA SELATAN,KEBAYORAN BARU,PETOGOGAN,0.0,0,0.0,0.0,1,0.0,0.0,0.0,1,0,0.0,0.0,4.0,0.0,0.0,0.0,0.0,1.0,1,17,2.0,0.0,0.0,55.20446096654275,20.63197026022305,3.5,1,False,True,False,3,False,False,False,True,False,False,False,False
3172041006,DKI JAKARTA,JAKARTA UTARA,CILINCING,ROROTAN,0.0,0,0.0,0.0,1,0.0,0.0,0.0,0,1,0.0,0.0,0.0,1.0,0.0,0.0,1.0,0.0,5,9,1.0,0.0,1.0,20.817843866171003,53.71747211895911,14.0,1,False,True,False,5,False,False,False,False,False,True,False,False
3173021001,DKI JAKARTA,JAKARTA BARAT,GROGOL PETAMBURAN,GROGOL,0.0,1,0.0,0.0,2,0.0,1.0,0.0,1,0,0.0,1.0,1.0,0.0,0.0,0.0,2.0,3.0,6,30,3.0,0.0,1.0,55.20446096654275,20.63197026022305,16.0,1,False,True,False,1,False,True,False,False,False,False,False,False
3174071002,DKI JAKARTA,JAKARTA SELATAN,KEBAYORAN BARU,GUNUNG,0.0,0,0.0,0.0,4,0.0,1.0,0.0,1,1,0.0,1.0,1.0,1.0,0.0,0.0,0.0,1.0,1,17,2.0,1.0,1.0,55.20446096654275,53.71747211895911,15.0,1,False,True,False,3,False,False,False,True,False,False,False,False
3173041006,DKI JAKARTA,JAKARTA BARAT,TAMBORA,JEMBATAN BESI,0.0,1,0.0,0.0,1,0.0,1.0,0.0,1,0,0.0,1.0,1.0,0.0,0.0,0.0,0.0,0.0,0,6,1.0,2.0,1.0,55.20446096654275,20.63197026022305,13.5,1,False,True,False,1,False,True,False,False,False,False,False,False
3172041004,DKI JAKARTA,JAKARTA UTARA,CILINCING,KALI BARU,0.0,0,0.0,0.0,2,0.0,1.0,0.0,0,2,0.0,1.0,0.0,2.0,0.0,0.0,1.0,0.0,5,9,1.0,1.0,1.0,20.817843866171003,74.53531598513011,18.0,1,False,True,False,5,False,False,False,False,False,True,False,False
3173011004,DKI JAKARTA,JAKARTA BARAT,CENGKARENG,KEDAUNG KALI ANGKE,0.0,0,0.0,0.0,0,0.0,1.0,0.0,0,0,0.0,1.0,0.0,0.0,0.0,0.0,2.0,1.0,6,19,3.0,0.0,1.0,20.817843866171003,20.63197026022305,15.0,1,False,True,False,1,False,True,False,False,False,False,False,False
3174071003,DKI JAKARTA,JAKARTA SELATAN,KEBAYORAN BARU,KRAMAT PELA,0.0,0,0.0,0.0,0,0.0,0.0,0.0,0,0,0.0,0.0,0.0,0.0,0.0,0.0,0.0,1.0,1,17,2.0,0.0,0.0,20.817843866171003,20.63197026022305,2.5,1,False,True,False,3,False,False,False,True,False,False,False,False
3174071001,DKI JAKARTA,JAKARTA SELATAN,KEBAYORAN BARU,MELAWAI,0.0,0,0.0,0.0,0,0.0,0.0,0.0,1,0,0.0,0.0,2.0,0.0,0.0,0.0,0.0,1.0,1,17,2.0,0.0,0.0,55.20446096654275,20.63197026022305,8.5,1,False,True,False,3,False,False,False,True,False,False,False,False
3175101004,DKI JAKARTA,JAKARTA TIMUR,CIPAYUNG,MUNJUL,0.0,0,0.0,0.0,2,0.0,0.0,0.0,1,0,0.0,0.0,2.0,0.0,0.0,0.0,0.0,0.0,1,9,1.0,0.0,0.0,55.20446096654275,20.63197026022305,8.5,1,False,True,False,4,False,False,False,False,True,False,False,False
3174081003,DKI JAKARTA,JAKARTA SELATAN,PANCORAN,RAWA JATI,0.0,0,0.0,0.0,0,0.0,0.0,0.0,0,0,0.0,0.0,0.0,0.0,0.0,0.0,1.0,1.0,5,12,1.0,0.0,1.0,20.817843866171003,20.63197026022305,12.5,1,False,True,False,3,False,False,False,True,False,False,False,False
3172031005,DKI JAKARTA,JAKARTA UTARA,KOJA,TUGU SELATAN,0.0,2,0.0,0.0,6,0.0,1.0,0.0,1,0,0.0,1.0,1.0,0.0,0.0,0.0,1.0,2.0,1,18,2.0,0.0,1.0,55.20446096654275,20.63197026022305,16.0,1,False,True,False,5,False,False,False,False,False,True,False,False
3175071005,DKI JAKARTA,JAKARTA TIMUR,DUREN SAWIT,MALAKA SARI,0.0,0,0.0,0.0,3,0.0,1.0,0.0,0,1,0.0,1.0,0.0,1.0,0.0,0.0,2.0,4.0,6,30,4.0,0.0,1.0,20.817843866171003,53.71747211895911,16.5,1,False,True,False,4,False,False,False,False,True,False,False,False
3171031007,DKI JAKARTA,JAKARTA PUSAT,KEMAYORAN,SUMUR BATU,0.0,0,0.0,0.0,3,0.0,0.0,0.0,0,0,0.0,0.0,0.0,0.0,0.0,0.0,1.0,1.0,5,18,2.0,0.0,1.0,20.817843866171003,20.63197026022305,12.5,1,False,True,False,2,False,False,True,False,False,False,False,False
3173051002,DKI JAKARTA,JAKARTA BARAT,KEBON JERUK,SUKABUMI UTARA,0.0,1,0.0,0.0,2,0.0,2.0,0.0,1,2,0.0,2.0,0.0,1.0,0.0,0.0,2.0,3.0,8,30,4.0,0.0,3.0,55.20446096654275,74.53531598513011,34.0,1,False,True,False,1,False,True,False,False,False,False,False,False
3175041002,DKI JAKARTA,JAKARTA TIMUR,KRAMAT JATI,KAMPUNG TENGAH,0.0,0,0.0,0.0,2,0.0,1.0,0.0,1,2,0.0,1.0,0.0,1.0,0.0,0.0,1.0,1.0,5,19,2.0,1.0,3.0,55.20446096654275,74.53531598513011,29.0,1,False,True,False,4,False,False,False,False,True,False,False,False
3174041004,DKI JAKARTA,JAKARTA SELATAN,PASAR MINGGU,RAGUNAN,0.0,0,0.0,0.0,1,0.0,0.0,0.0,1,1,0.0,0.0,1.0,1.0,0.0,0.0,1.0,2.0,5,24,3.0,0.0,1.0,55.20446096654275,53.71747211895911,12.5,1,False,True,False,3,False,False,False,True,False,False,False,False
3175101005,DKI JAKARTA,JAKARTA TIMUR,CIPAYUNG,SETU,0.0,0,0.0,0.0,2,0.0,0.0,0.0,1,0,0.0,0.0,2.0,0.0,0.0,0.0,0.0,0.0,1,9,1.0,0.0,0.0,55.20446096654275,20.63197026022305,6.0,1,False,True,False,4,False,False,False,False,True,False,False,False
3174021007,DKI JAKARTA,JAKARTA SELATAN,SETIA BUDI,GUNTUR,0.0,0,0.0,0.0,0,0.0,0.0,0.0,1,0,0.0,0.0,2.0,0.0,0.0,0.0,0.0,1.0,3,12,1.0,0.0,0.0,55.20446096654275,20.63197026022305,6.0,1,False,True,False,3,False,False,False,True,False,False,False,False
3175101003,DKI JAKARTA,JAKARTA TIMUR,CIPAYUNG,PONDOK RANGGON,0.0,1,0.0,0.0,0,0.0,0.0,0.0,0,1,0.0,0.0,0.0,2.0,0.0,0.0,0.0,0.0,1,9,1.0,0.0,0.0,20.817843866171003,53.71747211895911,9.0,1,False,True,False,4,False,False,False,False,True,False,False,False
3174071007,DKI JAKARTA,JAKARTA SELATAN,KEBAYORAN BARU,PULO,0.0,0,0.0,0.0,1,0.0,0.0,0.0,1,0,0.0,0.0,2.0,0.0,0.0,0.0,0.0,1.0,1,17,2.0,0.0,0.0,55.20446096654275,20.63197026022305,6.0,1,False,True,False,3,False,False,False,True,False,False,False,False
3175051002,DKI JAKARTA,JAKARTA TIMUR,PASAR REBO,BARU,0.0,2,0.0,0.0,0,0.0,0.0,0.0,0,0,0.0,0.0,0.0,0.0,0.0,0.0,1.0,2.0,3,19,1.0,0.0,0.0,20.817843866171003,20.63197026022305,7.5,1,False,True,False,4,False,False,False,False,True,False,False,False
3172011002,DKI JAKARTA,JAKARTA UTARA,PENJARINGAN,KAMAL MUARA,0.0,0,0.0,0.0,1,0.0,1.0,0.0,0,1,0.0,1.0,0.0,0.0,0.0,0.0,2.0,2.0,9,24,2.0,0.0,3.0,20.817843866171003,53.71747211895911,29.0,1,False,True,False,5,False,False,False,False,False,True,False,False
3174091002,DKI JAKARTA,JAKARTA SELATAN,JAGAKARSA,SRENGSENG SAWAH,0.0,0,0.0,0.0,1,0.0,2.0,0.0,2,1,0.0,2.0,1.0,0.0,0.0,0.0,1.0,1.0,4,18,2.0,1.0,3.0,76.2081784386617,53.71747211895911,33.5,1,False,True,False,3,False,False,False,True,False,False,False,False
3175011005,DKI JAKARTA,JAKARTA TIMUR,MATRAMAN,KEBON MANGGIS,0.0,0,0.0,0.0,0,0.0,0.0,0.0,0,1,0.0,0.0,0.0,3.0,0.0,1.0,2.0,3.0,2,27,3.0,0.0,0.0,20.817843866171003,53.71747211895911,6.5,1,False,True,False,4,False,False,False,False,True,False,False,False
3175031005,DKI JAKARTA,JAKARTA TIMUR,JATINEGARA,CIPINANG CEMPEDAK,0.0,0,0.0,0.0,1,0.0,1.0,0.0,0,1,0.0,1.0,0.0,1.0,0.0,0.0,1.0,1.0,5,20,3.0,0.0,1.0,20.817843866171003,53.71747211895911,19.0,1,False,True,False,4,False,False,False,False,True,False,False,False
3173031007,DKI JAKARTA,JAKARTA BARAT,TAMAN SARI,GLODOK,0.0,0,0.0,0.0,1,0.0,0.0,0.0,0,0,0.0,0.0,0.0,0.0,0.0,0.0,1.0,3.0,1,30,2.0,0.0,0.0,20.817843866171003,20.63197026022305,5.0,1,False,True,False,1,False,True,False,False,False,False,False,False
3174071004,DKI JAKARTA,JAKARTA SELATAN,KEBAYORAN BARU,SELONG,0.0,0,0.0,0.0,0,0.0,0.0,0.0,1,0,0.0,0.0,2.0,0.0,0.0,0.0,0.0,1.0,1,17,2.0,0.0,0.0,55.20446096654275,20.63197026022305,6.0,1,False,True,False,3,False,False,False,True,False,False,False,False
3172011001,DKI JAKARTA,JAKARTA UTARA,PENJARINGAN,PENJARINGAN,0.0,1,0.0,0.0,4,0.0,1.0,0.0,0,1,0.0,1.0,0.0,0.0,0.0,0.0,2.0,2.0,9,24,2.0,0.0,2.0,20.817843866171003,53.71747211895911,26.5,1,False,True,False,5,False,False,False,False,False,True,False,False
3174071010,DKI JAKARTA,JAKARTA SELATAN,KEBAYORAN BARU,CIPETE UTARA,0.0,1,0.0,0.0,9,0.0,1.0,0.0,1,1,0.0,1.0,1.0,0.0,0.0,0.0,0.0,1.0,1,17,2.0,1.0,2.0,55.20446096654275,53.71747211895911,20.0,1,False,True,False,3,False,False,False,True,False,False,False,False
3172031003,DKI JAKARTA,JAKARTA UTARA,KOJA,LAGOA,0.0,1,0.0,0.0,4,0.0,2.0,0.0,0,0,0.0,2.0,0.0,0.0,0.0,0.0,1.0,2.0,1,18,2.0,1.0,4.0,20.817843866171003,20.63197026022305,42.5,1,False,True,False,5,False,False,False,False,False,True,False,False
3171011004,DKI JAKARTA,JAKARTA PUSAT,GAMBIR,PETOJO SELATAN,0.0,3,0.0,0.0,0,0.0,0.0,0.0,1,1,0.0,0.0,2.0,2.0,0.0,0.0,0.0,1.0,1,11,1.0,0.0,0.0,55.20446096654275,53.71747211895911,7.5,1,False,True,False,2,False,False,True,False,False,False,False,False
3171071006,DKI JAKARTA,JAKARTA PUSAT,TANAH ABANG,KEBON KACANG,0.0,0,0.0,0.0,2,0.0,4.0,0.0,0,4,0.0,4.0,0.0,1.0,0.0,1.0,2.0,4.0,5,30,4.0,1.0,4.0,20.817843866171003,93.12267657992564,81.0,1,False,True,False,2,False,False,True,False,False,False,False,False
3173041005,DKI JAKARTA,JAKARTA BARAT,TAMBORA,KERENDANG,0.0,1,0.0,0.0,0,0.0,1.0,0.0,1,1,0.0,1.0,1.0,1.0,0.0,0.0,0.0,0.0,0,6,1.0,2.0,1.0,55.20446096654275,53.71747211895911,15.0,1,False,True,False,1,False,True,False,False,False,False,False,False
3171081003,DKI JAKARTA,JAKARTA PUSAT,JOHAR BARU,GALUR,0.0,0,0.0,0.0,1,0.0,0.0,0.0,0,0,0.0,0.0,0.0,0.0,0.0,0.0,1.0,2.0,2,16,1.0,0.0,0.0,20.817843866171003,20.63197026022305,5.0,1,False,True,False,2,False,False,True,False,False,False,False,False
3175091005,DKI JAKARTA,JAKARTA TIMUR,CIRACAS,RAMBUTAN,0.0,1,0.0,0.0,2,0.0,0.0,0.0,0,0,0.0,0.0,0.0,0.0,0.0,0.0,1.0,2.0,1,18,1.0,0.0,0.0,20.817843866171003,20.63197026022305,7.5,1,False,True,False,4,False,False,False,False,True,False,False,False
3173031003,DKI JAKARTA,JAKARTA BARAT,TAMAN SARI,MAPHAR,0.0,0,0.0,0.0,1,0.0,4.0,0.0,0,0,0.0,4.0,0.0,0.0,0.0,1.0,1.0,3.0,1,30,2.0,4.0,4.0,20.817843866171003,20.63197026022305,75.0,1,False,True,False,1,False,True,False,False,False,False,False,False
3175041006,DKI JAKARTA,JAKARTA TIMUR,KRAMAT JATI,CILILITAN,0.0,0,0.0,0.0,3,0.0,1.0,0.0,0,0,0.0,1.0,0.0,0.0,0.0,0.0,1.0,1.0,5,19,2.0,1.0,3.0,20.817843866171003,20.63197026022305,27.5,1,False,True,False,4,False,False,False,False,True,False,False,False
3175031007,DKI JAKARTA,JAKARTA TIMUR,JATINEGARA,CIPINANG BESAR SELATAN,0.0,1,0.0,0.0,0,0.0,1.0,0.0,0,0,0.0,1.0,0.0,0.0,0.0,0.0,1.0,1.0,5,20,3.0,0.0,1.0,20.817843866171003,20.63197026022305,17.5,1,False,True,False,4,False,False,False,False,True,False,False,False
3171031006,DKI JAKARTA,JAKARTA PUSAT,KEMAYORAN,CEMPAKA BARU,0.0,1,0.0,0.0,6,0.0,2.0,0.0,0,5,0.0,2.0,0.0,2.0,0.0,1.0,1.0,1.0,5,18,2.0,1.0,3.0,20.817843866171003,97.95539033457248,40.0,1,False,True,False,2,False,False,True,False,False,False,False,False
3173041008,DKI JAKARTA,JAKARTA BARAT,TAMBORA,JEMBATAN LIMA,0.0,0,0.0,0.0,1,0.0,0.0,0.0,0,0,0.0,0.0,0.0,0.0,0.0,0.0,0.0,0.0,0,6,1.0,1.0,0.0,20.817843866171003,20.63197026022305,10.0,1,False,True,False,1,False,True,False,False,False,False,False,False
3175041003,DKI JAKARTA,JAKARTA TIMUR,KRAMAT JATI,DUKUH,0.0,1,0.0,0.0,1,0.0,1.0,0.0,0,0,0.0,1.0,0.0,0.0,0.0,0.0,1.0,1.0,5,19,2.0,0.0,2.0,20.817843866171003,20.63197026022305,20.0,1,False,True,False,4,False,False,False,False,True,False,False,False
3171011006,DKI JAKARTA,JAKARTA PUSAT,GAMBIR,DURI PULO,0.0,0,0.0,0.0,3,0.0,0.0,0.0,0,0,0.0,0.0,0.0,0.0,0.0,0.0,0.0,1.0,1,11,1.0,0.0,0.0,20.817843866171003,20.63197026022305,2.5,1,False,True,False,2,False,False,True,False,False,False,False,False
3172021003,DKI JAKARTA,JAKARTA UTARA,TANJUNG PRIOK,PAPANGGO,0.0,1,0.0,0.0,2,0.0,0.0,0.0,0,1,0.0,0.0,0.0,1.0,0.0,0.0,2.0,3.0,4,30,4.0,0.0,0.0,20.817843866171003,53.71747211895911,11.5,1,False,True,False,5,False,False,False,False,False,True,False,False
3172041007,DKI JAKARTA,JAKARTA UTARA,CILINCING,SEMPER BARAT,0.0,2,0.0,0.0,4,0.0,1.0,0.0,0,0,0.0,1.0,0.0,0.0,0.0,0.0,1.0,0.0,5,9,1.0,1.0,1.0,20.817843866171003,20.63197026022305,17.5,1,False,True,False,5,False,False,False,False,False,True,False,False
3172011003,DKI JAKARTA,JAKARTA UTARA,PENJARINGAN,KAPUK MUARA,0.0,1,0.0,0.0,0,0.0,1.0,0.0,1,2,0.0,1.0,0.0,1.0,0.0,0.0,2.0,2.0,9,24,2.0,0.0,2.0,55.20446096654275,74.53531598513011,24.0,1,False,True,False,5,False,False,False,False,False,True,False,False
3175011002,DKI JAKARTA,JAKARTA TIMUR,MATRAMAN,UTAN KAYU UTARA,0.0,0,0.0,0.0,3,0.0,0.0,0.0,0,1,0.0,0.0,0.0,1.0,0.0,0.0,2.0,3.0,2,27,3.0,0.0,0.0,20.817843866171003,53.71747211895911,11.5,1,False,True,False,4,False,False,False,False,True,False,False,False
3171051001,DKI JAKARTA,JAKARTA PUSAT,CEMPAKA PUTIH,CEMPAKA PUTIH TIMUR,0.0,1,0.0,0.0,4,0.0,4.0,0.0,1,1,0.0,4.0,0.0,0.0,0.0,1.0,3.0,4.0,6,30,2.0,1.0,4.0,55.20446096654275,53.71747211895911,75.0,1,False,True,False,2,False,False,True,False,False,False,False,False
3171071003,DKI JAKARTA,JAKARTA PUSAT,TANAH ABANG,KARET TENGSIN,0.0,0,0.0,0.0,2,0.0,1.0,0.0,0,0,0.0,1.0,0.0,0.0,0.0,0.0,2.0,4.0,5,30,4.0,0.0,2.0,20.817843866171003,20.63197026022305,20.0,1,False,True,False,2,False,False,True,False,False,False,False,False
3172041001,DKI JAKARTA,JAKARTA UTARA,CILINCING,CILINCING,0.0,0,0.0,0.0,4,0.0,1.0,0.0,0,0,0.0,1.0,0.0,0.0,0.0,0.0,1.0,0.0,5,9,1.0,1.0,2.0,20.817843866171003,20.63197026022305,22.5,1,False,True,False,5,False,False,False,False,False,True,False,False
3172031006,DKI JAKARTA,JAKARTA UTARA,KOJA,RAWA BADAK SELATAN,0.0,1,0.0,0.0,4,0.0,2.0,0.0,1,0,0.0,2.0,0.0,0.0,0.0,0.0,1.0,2.0,1,18,2.0,1.0,3.0,55.20446096654275,20.63197026022305,31.0,1,False,True,False,5,False,False,False,False,False,True,False,False
3174011007,DKI JAKARTA,JAKARTA SELATAN,TEBET,MANGGARAI,0.0,0,0.0,0.0,1,0.0,0.0,0.0,0,0,0.0,0.0,0.0,0.0,0.0,0.0,2.0,3.0,1,28,3.0,0.0,0.0,20.817843866171003,20.63197026022305,2.5,1,False,True,False,3,False,False,False,True,False,False,False,False
3175101001,DKI JAKARTA,JAKARTA TIMUR,CIPAYUNG,CIPAYUNG,0.0,1,0.0,0.0,4,0.0,1.0,0.0,0,0,0.0,1.0,0.0,0.0,0.0,0.0,0.0,0.0,1,9,1.0,1.0,1.0,20.817843866171003,20.63197026022305,17.5,1,False,True,False,4,False,False,False,False,True,False,False,False
3175101008,DKI JAKARTA,JAKARTA TIMUR,CIPAYUNG,CEGER,0.0,2,0.0,0.0,1,0.0,0.0,0.0,0,0,0.0,0.0,0.0,0.0,0.0,0.0,0.0,0.0,1,9,1.0,0.0,0.0,20.817843866171003,20.63197026022305,2.5,1,False,True,False,4,False,False,False,False,True,False,False,False
3173031004,DKI JAKARTA,JAKARTA BARAT,TAMAN SARI,TANGKI,0.0,0,0.0,0.0,1,0.0,0.0,0.0,0,1,0.0,0.0,0.0,3.0,0.0,1.0,1.0,3.0,1,30,2.0,0.0,0.0,20.817843866171003,53.71747211895911,6.5,1,False,True,False,1,False,True,False,False,False,False,False,False
3172051001,DKI JAKARTA,JAKARTA UTARA,PADEMANGAN,PADEMANGAN TIMUR,0.0,1,0.0,0.0,8,0.0,2.0,0.0,2,2,0.0,2.0,1.0,1.0,0.0,0.0,2.0,4.0,6,30,1.0,0.0,3.0,76.2081784386617,74.53531598513011,35.0,1,False,True,False,5,False,False,False,False,False,True,False,False
3171021004,DKI JAKARTA,JAKARTA PUSAT,SAWAH BESAR,GUNUNG SAHARI UTARA,0.0,3,0.0,0.0,5,0.0,2.0,0.0,2,4,0.0,2.0,1.0,1.0,0.0,1.0,1.0,1.0,5,17,2.0,1.0,4.0,76.2081784386617,93.12267657992564,45.5,1,False,True,False,2,False,False,True,False,False,False,False,False
3172041002,DKI JAKARTA,JAKARTA UTARA,CILINCING,SUKAPURA,0.0,0,0.0,0.0,3,0.0,1.0,0.0,0,1,0.0,1.0,0.0,1.0,0.0,0.0,1.0,0.0,5,9,1.0,1.0,1.0,20.817843866171003,53.71747211895911,16.5,1,False,True,False,5,False,False,False,False,False,True,False,False
3174021004,DKI JAKARTA,JAKARTA SELATAN,SETIA BUDI,KARET,0.0,0,0.0,0.0,1,0.0,0.0,0.0,1,0,0.0,0.0,1.0,0.0,0.0,0.0,0.0,1.0,3,12,1.0,0.0,1.0,55.20446096654275,20.63197026022305,11.0,1,False,True,False,3,False,False,False,True,False,False,False,False
3171011002,DKI JAKARTA,JAKARTA PUSAT,GAMBIR,CIDENG,0.0,1,0.0,0.0,6,0.0,1.0,0.0,0,2,0.0,1.0,0.0,1.0,0.0,0.0,0.0,1.0,1,11,1.0,1.0,2.0,20.817843866171003,74.53531598513011,28.0,1,False,True,False,2,False,False,True,False,False,False,False,False
3171041006,DKI JAKARTA,JAKARTA PUSAT,SENEN,BUNGUR,0.0,0,0.0,0.0,5,0.0,2.0,0.0,0,0,0.0,2.0,0.0,0.0,0.0,0.0,1.0,2.0,3,17,2.0,1.0,3.0,20.817843866171003,20.63197026022305,32.5,1,False,True,False,2,False,False,True,False,False,False,False,False
3174011004,DKI JAKARTA,JAKARTA SELATAN,TEBET,KEBON BARU,0.0,0,0.0,0.0,4,0.0,1.0,0.0,2,0,0.0,1.0,2.0,0.0,0.0,0.0,2.0,3.0,1,28,3.0,0.0,1.0,76.2081784386617,20.63197026022305,14.5,1,False,True,False,3,False,False,False,True,False,False,False,False
3173071002,DKI JAKARTA,JAKARTA BARAT,PALMERAH,SLIPI,0.0,0,0.0,0.0,1,0.0,1.0,0.0,0,0,0.0,1.0,0.0,0.0,0.0,0.0,1.0,2.0,4,27,2.0,0.0,1.0,20.817843866171003,20.63197026022305,17.5,1,False,True,False,1,False,True,False,False,False,False,False,False
3174091004,DKI JAKARTA,JAKARTA SELATAN,JAGAKARSA,LENTENG AGUNG,0.0,0,0.0,0.0,0,0.0,1.0,0.0,0,0,0.0,1.0,0.0,0.0,0.0,0.0,1.0,1.0,4,18,2.0,0.0,2.0,20.817843866171003,20.63197026022305,22.5,1,False,True,False,3,False,False,False,True,False,False,False,False
3173071005,DKI JAKARTA,JAKARTA BARAT,PALMERAH,KEMANGGISAN,0.0,0,0.0,0.0,2,0.0,2.0,0.0,1,2,0.0,2.0,0.0,1.0,0.0,0.0,1.0,2.0,4,27,2.0,1.0,3.0,55.20446096654275,74.53531598513011,39.0,1,False,True,False,1,False,True,False,False,False,False,False,False
3175101002,DKI JAKARTA,JAKARTA TIMUR,CIPAYUNG,CILANGKAP,0.0,0,0.0,0.0,4,0.0,1.0,0.0,1,0,0.0,1.0,0.0,0.0,0.0,0.0,0.0,0.0,1,9,1.0,2.0,2.0,55.20446096654275,20.63197026022305,21.0,1,False,True,False,4,False,False,False,False,True,False,False,False
3171011005,DKI JAKARTA,JAKARTA PUSAT,GAMBIR,KEBON KELAPA,0.0,0,0.0,0.0,2,0.0,1.0,0.0,1,1,0.0,1.0,1.0,1.0,0.0,0.0,0.0,1.0,1,11,1.0,1.0,1.0,55.20446096654275,53.71747211895911,17.5,1,False,True,False,2,False,False,True,False,False,False,False,False
3171041003,DKI JAKARTA,JAKARTA PUSAT,SENEN,PASEBAN,0.0,1,0.0,0.0,5,0.0,2.0,0.0,1,0,0.0,2.0,0.0,0.0,0.0,0.0,1.0,2.0,3,17,2.0,1.0,3.0,55.20446096654275,20.63197026022305,36.0,1,False,True,False,2,False,False,True,False,False,False,False,False
3175081003,DKI JAKARTA,JAKARTA TIMUR,MAKASAR,KEBON PALA,0.0,0,0.0,0.0,1,0.0,0.0,0.0,1,0,0.0,0.0,4.0,0.0,0.0,0.0,1.0,2.0,2,23,1.0,0.0,0.0,55.20446096654275,20.63197026022305,3.5,1,False,True,False,4,False,False,False,False,True,False,False,False
3172031002,DKI JAKARTA,JAKARTA UTARA,KOJA,TUGU UTARA,0.0,4,0.0,0.0,5,0.0,3.0,0.0,1,2,0.0,3.0,0.0,0.0,0.0,0.0,1.0,2.0,1,18,2.0,2.0,4.0,55.20446096654275,74.53531598513011,46.5,1,False,True,False,5,False,False,False,False,False,True,False,False
3174041006,DKI JAKARTA,JAKARTA SELATAN,PASAR MINGGU,PEJATEN BARAT,0.0,1,0.0,0.0,5,0.0,2.0,0.0,0,2,0.0,2.0,0.0,1.0,0.0,0.0,1.0,2.0,5,24,3.0,1.0,3.0,20.817843866171003,74.53531598513011,35.5,1,False,True,False,3,False,False,False,True,False,False,False,False
3173011002,DKI JAKARTA,JAKARTA BARAT,CENGKARENG,DURI KOSAMBI,0.0,0,0.0,0.0,1,0.0,2.0,0.0,3,1,0.0,2.0,2.0,0.0,0.0,0.0,2.0,1.0,6,19,3.0,1.0,3.0,88.10408921933085,53.71747211895911,29.5,1,False,True,False,1,False,True,False,False,False,False,False,False
3175071003,DKI JAKARTA,JAKARTA TIMUR,DUREN SAWIT,KLENDER,0.0,0,0.0,0.0,4,0.0,4.0,0.0,3,5,0.0,4.0,0.0,1.0,0.0,1.0,2.0,4.0,6,30,4.0,1.0,4.0,88.10408921933085,97.95539033457248,75.5,1,False,True,False,4,False,False,False,False,True,False,False,False
3175011003,DKI JAKARTA,JAKARTA TIMUR,MATRAMAN,KAYU MANIS,0.0,0,0.0,0.0,7,0.0,3.0,0.0,1,0,0.0,3.0,0.0,0.0,0.0,0.0,2.0,3.0,2,27,3.0,1.0,4.0,55.20446096654275,20.63197026022305,51.0,1,False,True,False,4,False,False,False,False,True,False,False,False
3172051002,DKI JAKARTA,JAKARTA UTARA,PADEMANGAN,PADEMANGAN BARAT,0.0,3,0.0,0.0,0,0.0,4.0,0.0,1,4,0.0,4.0,0.0,1.0,0.0,1.0,2.0,4.0,6,30,1.0,1.0,4.0,55.20446096654275,93.12267657992564,79.5,1,False,True,False,5,False,False,False,False,False,True,False,False
3172021004,DKI JAKARTA,JAKARTA UTARA,TANJUNG PRIOK,SUNGAI BAMBU,0.0,1,0.0,0.0,3,0.0,1.0,0.0,2,2,0.0,1.0,1.0,1.0,0.0,0.0,2.0,3.0,4,30,4.0,0.0,2.0,76.2081784386617,74.53531598513011,25.0,1,False,True,False,5,False,False,False,False,False,True,False,False
3172011004,DKI JAKARTA,JAKARTA UTARA,PENJARINGAN,PEJAGALAN,0.0,0,0.0,0.0,0,0.0,2.0,0.0,1,1,0.0,2.0,0.0,0.0,0.0,0.0,2.0,2.0,9,24,2.0,1.0,4.0,55.20446096654275,53.71747211895911,40.0,1,False,True,False,5,False,False,False,False,False,True,False,False
3175011006,DKI JAKARTA,JAKARTA TIMUR,MATRAMAN,UTAN KAYU SELATAN,0.0,4,0.0,0.0,4,0.0,4.0,0.0,1,3,0.0,4.0,0.0,0.0,0.0,1.0,2.0,3.0,2,27,3.0,2.0,4.0,55.20446096654275,86.61710037174721,70.5,1,False,True,False,4,False,False,False,False,True,False,False,False
3174051005,DKI JAKARTA,JAKARTA SELATAN,KEBAYORAN LAMA,GROGOL SELATAN,0.0,0,0.0,0.0,3,0.0,2.0,0.0,2,2,0.0,2.0,1.0,0.0,0.0,0.0,2.0,2.0,8,30,3.0,1.0,4.0,76.2081784386617,74.53531598513011,40.0,1,False,True,False,3,False,False,False,True,False,False,False,False
3173071003,DKI JAKARTA,JAKARTA BARAT,PALMERAH,KOTA BAMBU UTARA,0.0,0,0.0,0.0,6,0.0,1.0,0.0,3,0,0.0,1.0,3.0,0.0,0.0,0.0,1.0,2.0,4,27,2.0,0.0,2.0,88.10408921933085,20.63197026022305,15.5,1,False,True,False,1,False,True,False,False,False,False,False,False
3174101005,DKI JAKARTA,JAKARTA SELATAN,PESANGGRAHAN,ULUJAMI,0.0,0,0.0,0.0,2,0.0,2.0,0.0,2,3,0.0,2.0,1.0,1.0,0.0,0.0,2.0,2.0,6,23,2.0,1.0,3.0,76.2081784386617,86.61710037174721,36.5,1,False,True,False,3,False,False,False,True,False,False,False,False
3175091001,DKI JAKARTA,JAKARTA TIMUR,CIRACAS,CIRACAS,0.0,0,0.0,0.0,5,0.0,3.0,0.0,3,3,0.0,3.0,1.0,1.0,0.0,1.0,1.0,2.0,1,18,1.0,2.0,4.0,88.10408921933085,86.61710037174721,45.0,1,False,True,False,4,False,False,False,False,True,False,False,False
3172061002,DKI JAKARTA,JAKARTA UTARA,KELAPA GADING,PEGANGSAAN DUA,0.0,0,0.0,0.0,6,0.0,2.0,0.0,1,0,0.0,2.0,0.0,0.0,0.0,0.0,4.0,3.0,15,30,3.0,0.0,3.0,55.20446096654275,20.63197026022305,36.0,1,False,True,False,5,False,False,False,False,False,True,False,False
3173061003,DKI JAKARTA,JAKARTA BARAT,KALI DERES,TEGAL ALUR,0.0,0,0.0,0.0,3,0.0,2.0,0.0,2,0,0.0,2.0,1.0,0.0,0.0,0.0,2.0,4.0,2,30,3.0,0.0,3.0,76.2081784386617,20.63197026022305,32.0,1,False,True,False,1,False,True,False,False,False,False,False,False
3173011006,DKI JAKARTA,JAKARTA BARAT,CENGKARENG,CENGKARENG TIMUR,0.0,1,0.0,0.0,3,0.0,3.0,0.0,2,2,0.0,3.0,0.0,0.0,0.0,0.0,2.0,1.0,6,19,3.0,1.0,4.0,76.2081784386617,74.53531598513011,47.5,1,False,True,False,1,False,True,False,False,False,False,False,False
3174041005,DKI JAKARTA,JAKARTA SELATAN,PASAR MINGGU,PEJATEN TIMUR,0.0,1,0.0,0.0,4,0.0,4.0,0.0,2,4,0.0,4.0,0.0,1.0,0.0,1.0,1.0,2.0,5,24,3.0,2.0,4.0,76.2081784386617,93.12267657992564,63.0,1,False,True,False,3,False,False,False,True,False,False,False,False
3174051006,DKI JAKARTA,JAKARTA SELATAN,KEBAYORAN LAMA,KEBAYORAN LAMA SELATAN,0.0,0,0.0,0.0,3,0.0,1.0,0.0,1,3,0.0,1.0,1.0,2.0,0.0,1.0,2.0,2.0,8,30,3.0,0.0,2.0,55.20446096654275,86.61710037174721,23.0,1,False,True,False,3,False,False,False,True,False,False,False,False
3175071002,DKI JAKARTA,JAKARTA TIMUR,DUREN SAWIT,PONDOK BAMBU,0.0,0,0.0,0.0,4,0.0,2.0,0.0,2,3,0.0,2.0,1.0,1.0,0.0,1.0,2.0,4.0,6,30,4.0,0.0,3.0,76.2081784386617,86.61710037174721,36.5,1,False,True,False,4,False,False,False,False,True,False,False,False
3175011001,DKI JAKARTA,JAKARTA TIMUR,MATRAMAN,PISANGAN BARU,0.0,2,0.0,0.0,4,0.0,2.0,0.0,2,1,0.0,2.0,1.0,0.0,0.0,0.0,2.0,3.0,2,27,3.0,1.0,3.0,76.2081784386617,53.71747211895911,31.0,1,False,True,False,4,False,False,False,False,True,False,False,False
3174071009,DKI JAKARTA,JAKARTA SELATAN,KEBAYORAN BARU,GANDARIA UTARA,0.0,3,0.0,0.0,1,0.0,1.0,0.0,1,0,0.0,1.0,1.0,0.0,0.0,0.0,0.0,1.0,1,17,2.0,1.0,1.0,55.20446096654275,20.63197026022305,16.0,1,False,True,False,3,False,False,False,True,False,False,False,False
3175021005,DKI JAKARTA,JAKARTA TIMUR,PULO GADUNG,RAWAMANGUN,0.0,2,0.0,0.0,3,0.0,2.0,0.0,2,0,0.0,2.0,1.0,0.0,0.0,0.0,2.0,3.0,1,30,3.0,1.0,3.0,76.2081784386617,20.63197026022305,29.5,1,False,True,False,4,False,False,False,False,True,False,False,False
3174091001,DKI JAKARTA,JAKARTA SELATAN,JAGAKARSA,JAGAKARSA,0.0,0,0.0,0.0,4,0.0,2.0,0.0,4,1,0.0,2.0,2.0,0.0,0.0,0.0,1.0,1.0,4,18,2.0,1.0,3.0,93.68029739776952,53.71747211895911,33.0,1,False,True,False,3,False,False,False,True,False,False,False,False
3174061003,DKI JAKARTA,JAKARTA SELATAN,CILANDAK,PONDOK LABU,0.0,0,0.0,0.0,2,0.0,3.0,0.0,3,1,0.0,3.0,1.0,0.0,0.0,0.0,2.0,3.0,3,25,3.0,1.0,4.0,88.10408921933085,53.71747211895911,54.5,1,False,True,False,3,False,False,False,True,False,False,False,False
3172021002,DKI JAKARTA,JAKARTA UTARA,TANJUNG PRIOK,SUNTER JAYA,0.0,2,0.0,0.0,8,0.0,3.0,0.0,0,3,0.0,3.0,0.0,1.0,0.0,1.0,2.0,3.0,4,30,4.0,1.0,4.0,20.817843866171003,86.61710037174721,54.5,1,False,True,False,5,False,False,False,False,False,True,False,False
3175101007,DKI JAKARTA,JAKARTA TIMUR,CIPAYUNG,LUBANG BUAYA,0.0,0,0.0,0.0,7,0.0,1.0,0.0,1,0,0.0,1.0,1.0,0.0,0.0,0.0,0.0,0.0,1,9,1.0,1.0,1.0,55.20446096654275,20.63197026022305,16.0,1,False,True,False,4,False,False,False,False,True,False,False,False
3173051003,DKI JAKARTA,JAKARTA BARAT,KEBON JERUK,SUKABUMI SELATAN,0.0,0,0.0,0.0,2,0.0,1.0,0.0,2,1,0.0,1.0,2.0,0.0,0.0,0.0,2.0,3.0,8,30,4.0,0.0,2.0,76.2081784386617,53.71747211895911,18.5,1,False,True,False,1,False,True,False,False,False,False,False,False
3174021006,DKI JAKARTA,JAKARTA SELATAN,SETIA BUDI,PASAR MANGGIS,0.0,0,0.0,0.0,0,0.0,1.0,0.0,2,1,0.0,1.0,2.0,1.0,0.0,0.0,0.0,1.0,3,12,1.0,1.0,1.0,76.2081784386617,53.71747211895911,13.5,1,False,True,False,3,False,False,False,True,False,False,False,False
3175071007,DKI JAKARTA,JAKARTA TIMUR,DUREN SAWIT,PONDOK KOPI,0.0,1,0.0,0.0,0,0.0,1.0,0.0,0,4,0.0,1.0,0.0,3.0,0.0,1.0,2.0,4.0,6,30,4.0,0.0,2.0,20.817843866171003,93.12267657992564,31.0,1,False,True,False,4,False,False,False,False,True,False,False,False
3175031008,DKI JAKARTA,JAKARTA TIMUR,JATINEGARA,CIPINANG BESAR UTARA,0.0,1,0.0,0.0,3,0.0,1.0,0.0,0,1,0.0,1.0,0.0,0.0,0.0,0.0,1.0,1.0,5,20,3.0,0.0,2.0,20.817843866171003,53.71747211895911,21.5,1,False,True,False,4,False,False,False,False,True,False,False,False
3171081002,DKI JAKARTA,JAKARTA PUSAT,JOHAR BARU,KAMPUNG RAWA,0.0,0,0.0,0.0,5,0.0,2.0,0.0,2,4,0.0,2.0,1.0,2.0,0.0,1.0,1.0,2.0,2,16,1.0,1.0,3.0,76.2081784386617,93.12267657992564,40.5,1,False,True,False,2,False,False,True,False,False,False,False,False
3174101001,DKI JAKARTA,JAKARTA SELATAN,PESANGGRAHAN,PESANGGRAHAN,0.0,0,0.0,0.0,1,0.0,1.0,0.0,1,3,0.0,1.0,1.0,2.0,0.0,1.0,2.0,2.0,6,23,2.0,0.0,2.0,55.20446096654275,86.61710037174721,23.0,1,False,True,False,3,False,False,False,True,False,False,False,False
3175061006,DKI JAKARTA,JAKARTA TIMUR,CAKUNG,UJUNG MENTENG,0.0,0,0.0,0.0,5,0.0,1.0,0.0,2,2,0.0,1.0,2.0,2.0,0.0,0.0,1.0,3.0,1,28,3.0,0.0,1.0,76.2081784386617,74.53531598513011,15.0,1,False,True,False,4,False,False,False,False,True,False,False,False
3174101004,DKI JAKARTA,JAKARTA SELATAN,PESANGGRAHAN,PETUKANGAN SELATAN,0.0,0,0.0,0.0,2,0.0,1.0,0.0,2,1,0.0,1.0,2.0,1.0,0.0,0.0,2.0,2.0,6,23,2.0,0.0,1.0,76.2081784386617,53.71747211895911,13.5,1,False,True,False,3,False,False,False,True,False,False,False,False
3175051003,DKI JAKARTA,JAKARTA TIMUR,PASAR REBO,CIJANTUNG,0.0,0,0.0,0.0,3,0.0,0.0,0.0,1,1,0.0,0.0,2.0,1.0,0.0,0.0,1.0,2.0,3,19,1.0,0.0,0.0,55.20446096654275,53.71747211895911,10.0,1,False,True,False,4,False,False,False,False,True,False,False,False
3174061005,DKI JAKARTA,JAKARTA SELATAN,CILANDAK,CIPETE SELATAN,0.0,0,0.0,0.0,5,0.0,0.0,0.0,0,3,0.0,0.0,0.0,4.0,0.0,1.0,2.0,3.0,3,25,3.0,0.0,1.0,20.817843866171003,86.61710037174721,17.0,1,False,True,False,3,False,False,False,True,False,False,False,False
3174031003,DKI JAKARTA,JAKARTA SELATAN,MAMPANG PRAPATAN,PELA MAMPANG,0.0,0,0.0,0.0,6,0.0,2.0,0.0,0,4,0.0,2.0,0.0,2.0,0.0,1.0,1.0,2.0,0,14,1.0,2.0,3.0,20.817843866171003,93.12267657992564,41.0,1,False,True,False,3,False,False,False,True,False,False,False,False
3171071002,DKI JAKARTA,JAKARTA PUSAT,TANAH ABANG,BENDUNGAN HILIR,0.0,2,0.0,0.0,6,0.0,1.0,0.0,3,0,0.0,1.0,2.0,0.0,0.0,0.0,2.0,4.0,5,30,4.0,0.0,2.0,88.10408921933085,20.63197026022305,18.0,1,False,True,False,2,False,False,True,False,False,False,False,False
3174101003,DKI JAKARTA,JAKARTA SELATAN,PESANGGRAHAN,PETUKANGAN UTARA,0.0,0,0.0,0.0,1,0.0,2.0,0.0,2,1,0.0,2.0,1.0,0.0,0.0,0.0,2.0,2.0,6,23,2.0,1.0,3.0,76.2081784386617,53.71747211895911,31.0,1,False,True,False,3,False,False,False,True,False,False,False,False
3173071004,DKI JAKARTA,JAKARTA BARAT,PALMERAH,JATI PULO,0.0,0,0.0,0.0,2,0.0,2.0,0.0,2,0,0.0,2.0,1.0,0.0,0.0,0.0,1.0,2.0,4,27,2.0,1.0,3.0,76.2081784386617,20.63197026022305,27.0,1,False,True,False,1,False,True,False,False,False,False,False,False
3171061002,DKI JAKARTA,JAKARTA PUSAT,MENTENG,PEGANGSAAN,0.0,0,0.0,0.0,1,0.0,2.0,0.0,2,1,0.0,2.0,1.0,0.0,0.0,0.0,1.0,1.0,5,18,2.0,1.0,3.0,76.2081784386617,53.71747211895911,31.0,1,False,True,False,2,False,False,True,False,False,False,False,False
3173021002,DKI JAKARTA,JAKARTA BARAT,GROGOL PETAMBURAN,TANJUNG DUREN UTARA,0.0,0,0.0,0.0,1,0.0,1.0,0.0,2,1,0.0,1.0,2.0,1.0,0.0,0.0,2.0,3.0,6,30,3.0,0.0,1.0,76.2081784386617,53.71747211895911,13.5,1,False,True,False,1,False,True,False,False,False,False,False,False
3173021006,DKI JAKARTA,JAKARTA BARAT,GROGOL PETAMBURAN,JELAMBAR BARU,0.0,0,0.0,0.0,2,0.0,1.0,0.0,2,1,0.0,1.0,2.0,1.0,0.0,0.0,2.0,3.0,6,30,3.0,0.0,1.0,76.2081784386617,53.71747211895911,16.0,1,False,True,False,1,False,True,False,False,False,False,False,False
3175041001,DKI JAKARTA,JAKARTA TIMUR,KRAMAT JATI,KRAMAT JATI,0.0,0,0.0,0.0,0,0.0,1.0,0.0,0,2,0.0,1.0,0.0,2.0,0.0,0.0,1.0,1.0,5,19,2.0,0.0,1.0,20.817843866171003,74.53531598513011,20.5,1,False,True,False,4,False,False,False,False,True,False,False,False
3173011005,DKI JAKARTA,JAKARTA BARAT,CENGKARENG,KAPUK,0.0,1,0.0,0.0,1,0.0,2.0,0.0,0,4,0.0,2.0,0.0,1.0,0.0,1.0,2.0,1.0,6,19,3.0,1.0,4.0,20.817843866171003,93.12267657992564,46.0,1,False,True,False,1,False,True,False,False,False,False,False,False
3173021007,DKI JAKARTA,JAKARTA BARAT,GROGOL PETAMBURAN,WIJAYA KUSUMA,0.0,0,0.0,0.0,1,0.0,2.0,0.0,0,2,0.0,2.0,0.0,1.0,0.0,0.0,2.0,3.0,6,30,3.0,1.0,3.0,20.817843866171003,74.53531598513011,40.5,1,False,True,False,1,False,True,False,False,False,False,False,False
3174091003,DKI JAKARTA,JAKARTA SELATAN,JAGAKARSA,CIGANJUR,0.0,0,0.0,0.0,3,0.0,1.0,0.0,0,1,0.0,1.0,0.0,0.0,0.0,0.0,1.0,1.0,4,18,2.0,0.0,2.0,20.817843866171003,53.71747211895911,24.0,1,False,True,False,3,False,False,False,True,False,False,False,False
3171051003,DKI JAKARTA,JAKARTA PUSAT,CEMPAKA PUTIH,RAWASARI,0.0,0,0.0,0.0,2,0.0,1.0,0.0,1,1,0.0,1.0,1.0,1.0,0.0,0.0,3.0,4.0,6,30,2.0,0.0,1.0,55.20446096654275,53.71747211895911,15.0,1,False,True,False,2,False,False,True,False,False,False,False,False
3173021005,DKI JAKARTA,JAKARTA BARAT,GROGOL PETAMBURAN,TANJUNG DUREN SELATAN,0.0,0,0.0,0.0,1,0.0,3.0,0.0,5,3,0.0,3.0,2.0,1.0,0.0,1.0,2.0,3.0,6,30,3.0,1.0,4.0,97.39776951672863,86.61710037174721,47.0,1,False,True,False,1,False,True,False,False,False,False,False,False
3175031002,DKI JAKARTA,JAKARTA TIMUR,JATINEGARA,BIDARA CINA,0.0,0,0.0,0.0,2,0.0,2.0,0.0,0,3,0.0,2.0,0.0,1.0,0.0,1.0,1.0,1.0,5,20,3.0,1.0,3.0,20.817843866171003,86.61710037174721,42.0,1,False,True,False,4,False,False,False,False,True,False,False,False
3174021002,DKI JAKARTA,JAKARTA SELATAN,SETIA BUDI,KARET SEMANGGI,0.0,0,0.0,0.0,0,0.0,0.0,0.0,1,2,0.0,0.0,2.0,4.0,0.0,1.0,0.0,1.0,3,12,1.0,0.0,0.0,55.20446096654275,74.53531598513011,9.0,1,False,True,False,3,False,False,False,True,False,False,False,False
3173081006,DKI JAKARTA,JAKARTA BARAT,KEMBANGAN,KEMBANGAN SELATAN,0.0,1,0.0,0.0,3,0.0,2.0,0.0,1,0,0.0,2.0,0.0,0.0,0.0,0.0,2.0,1.0,8,18,3.0,1.0,3.0,55.20446096654275,20.63197026022305,33.5,1,False,True,False,1,False,True,False,False,False,False,False,False
3173081005,DKI JAKARTA,JAKARTA BARAT,KEMBANGAN,JOGLO,0.0,0,0.0,0.0,1,0.0,1.0,0.0,2,0,0.0,1.0,2.0,0.0,0.0,0.0,2.0,1.0,8,18,3.0,0.0,2.0,76.2081784386617,20.63197026022305,17.0,1,False,True,False,1,False,True,False,False,False,False,False,False
3175061004,DKI JAKARTA,JAKARTA TIMUR,CAKUNG,CAKUNG TIMUR,0.0,0,0.0,0.0,4,0.0,1.0,0.0,3,0,0.0,1.0,3.0,0.0,0.0,0.0,1.0,3.0,1,28,3.0,0.0,1.0,88.10408921933085,20.63197026022305,13.0,1,False,True,False,4,False,False,False,False,True,False,False,False
3173081002,DKI JAKARTA,JAKARTA BARAT,KEMBANGAN,MERUYA UTARA,0.0,2,0.0,0.0,4,0.0,1.0,0.0,3,0,0.0,1.0,2.0,0.0,0.0,0.0,2.0,1.0,8,18,3.0,0.0,3.0,88.10408921933085,20.63197026022305,23.0,1,False,True,False,1,False,True,False,False,False,False,False,False
3174051004,DKI JAKARTA,JAKARTA SELATAN,KEBAYORAN LAMA,GROGOL UTARA,0.0,0,0.0,0.0,2,0.0,2.0,0.0,3,0,0.0,2.0,1.0,0.0,0.0,0.0,2.0,2.0,8,30,3.0,1.0,4.0,88.10408921933085,20.63197026022305,38.0,1,False,True,False,3,False,False,False,True,False,False,False,False
3174081001,DKI JAKARTA,JAKARTA SELATAN,PANCORAN,PANCORAN,0.0,0,0.0,0.0,2,0.0,2.0,0.0,1,2,0.0,2.0,0.0,1.0,0.0,0.0,1.0,1.0,5,12,1.0,1.0,3.0,55.20446096654275,74.53531598513011,31.5,1,False,True,False,3,False,False,False,True,False,False,False,False
3174041001,DKI JAKARTA,JAKARTA SELATAN,PASAR MINGGU,PASAR MINGGU,0.0,0,0.0,0.0,3,0.0,1.0,0.0,2,1,0.0,1.0,1.0,0.0,0.0,0.0,1.0,2.0,5,24,3.0,0.0,2.0,76.2081784386617,53.71747211895911,23.5,1,False,True,False,3,False,False,False,True,False,False,False,False
3175081002,DKI JAKARTA,JAKARTA TIMUR,MAKASAR,PINANG RANTI,0.0,1,0.0,0.0,1,0.0,1.0,0.0,2,2,0.0,1.0,2.0,1.0,0.0,0.0,1.0,2.0,2,23,1.0,0.0,2.0,76.2081784386617,74.53531598513011,20.0,1,False,True,False,4,False,False,False,False,True,False,False,False
3174051003,DKI JAKARTA,JAKARTA SELATAN,KEBAYORAN LAMA,CIPULIR,0.0,0,0.0,0.0,4,0.0,1.0,0.0,2,1,0.0,1.0,1.0,0.0,0.0,0.0,2.0,2.0,8,30,3.0,0.0,2.0,76.2081784386617,53.71747211895911,21.0,1,False,True,False,3,False,False,False,True,False,False,False,False
3171071001,DKI JAKARTA,JAKARTA PUSAT,TANAH ABANG,GELORA,0.0,0,0.0,0.0,0,0.0,0.0,0.0,1,1,0.0,0.0,1.0,1.0,0.0,0.0,2.0,4.0,5,30,4.0,0.0,1.0,55.20446096654275,53.71747211895911,12.5,1,False,True,False,2,False,False,True,False,False,False,False,False
3175081005,DKI JAKARTA,JAKARTA TIMUR,MAKASAR,CIPINANG MELAYU,0.0,1,0.0,0.0,1,0.0,1.0,0.0,0,3,0.0,1.0,0.0,2.0,0.0,1.0,1.0,2.0,2,23,1.0,1.0,3.0,20.817843866171003,86.61710037174721,32.0,1,False,True,False,4,False,False,False,False,True,False,False,False
3175061005,DKI JAKARTA,JAKARTA TIMUR,CAKUNG,PULO GEBANG,0.0,0,0.0,0.0,4,0.0,2.0,0.0,2,2,0.0,2.0,1.0,0.0,0.0,0.0,1.0,3.0,1,28,3.0,1.0,4.0,76.2081784386617,74.53531598513011,42.5,1,False,True,False,4,False,False,False,False,True,False,False,False
3174081004,DKI JAKARTA,JAKARTA SELATAN,PANCORAN,DUREN TIGA,0.0,0,0.0,0.0,1,0.0,1.0,0.0,2,0,0.0,1.0,2.0,0.0,0.0,0.0,1.0,1.0,5,12,1.0,0.0,1.0,76.2081784386617,20.63197026022305,12.0,1,False,True,False,3,False,False,False,True,False,False,False,False
3174041007,DKI JAKARTA,JAKARTA SELATAN,PASAR MINGGU,KEBAGUSAN,0.0,1,0.0,0.0,1,0.0,1.0,0.0,3,0,0.0,1.0,2.0,0.0,0.0,0.0,1.0,2.0,5,24,3.0,0.0,2.0,88.10408921933085,20.63197026022305,18.0,1,False,True,False,3,False,False,False,True,False,False,False,False
3174041002,DKI JAKARTA,JAKARTA SELATAN,PASAR MINGGU,JATI PADANG,0.0,1,0.0,0.0,3,0.0,1.0,0.0,0,2,0.0,1.0,0.0,1.0,0.0,0.0,1.0,2.0,5,24,3.0,1.0,3.0,20.817843866171003,74.53531598513011,30.5,1,False,True,False,3,False,False,False,True,False,False,False,False
3174041003,DKI JAKARTA,JAKARTA SELATAN,PASAR MINGGU,CILANDAK TIMUR,0.0,1,0.0,0.0,1,0.0,1.0,0.0,3,2,0.0,1.0,2.0,1.0,0.0,0.0,1.0,2.0,5,24,3.0,0.0,2.0,88.10408921933085,74.53531598513011,23.5,1,False,True,False,3,False,False,False,True,False,False,False,False
3175021003,DKI JAKARTA,JAKARTA TIMUR,PULO GADUNG,CIPINANG,0.0,0,0.0,0.0,4,0.0,1.0,0.0,1,2,0.0,1.0,0.0,1.0,0.0,0.0,2.0,3.0,1,30,3.0,0.0,2.0,55.20446096654275,74.53531598513011,24.0,1,False,True,False,4,False,False,False,False,True,False,False,False
3171021001,DKI JAKARTA,JAKARTA PUSAT,SAWAH BESAR,PASAR BARU,0.0,2,0.0,0.0,1,0.0,2.0,0.0,1,0,0.0,2.0,0.0,0.0,0.0,0.0,1.0,1.0,5,17,2.0,1.0,4.0,55.20446096654275,20.63197026022305,38.5,1,False,True,False,2,False,False,True,False,False,False,False,False
3171011003,DKI JAKARTA,JAKARTA PUSAT,GAMBIR,PETOJO UTARA,0.0,0,0.0,0.0,5,0.0,1.0,0.0,1,2,0.0,1.0,0.0,1.0,0.0,0.0,0.0,1.0,1,11,1.0,2.0,3.0,55.20446096654275,74.53531598513011,29.0,1,False,True,False,2,False,False,True,False,False,False,False,False
3175031003,DKI JAKARTA,JAKARTA TIMUR,JATINEGARA,BALI MESTER,0.0,1,0.0,0.0,0,0.0,1.0,0.0,0,1,0.0,1.0,0.0,1.0,0.0,0.0,1.0,1.0,5,20,3.0,0.0,1.0,20.817843866171003,53.71747211895911,16.5,1,False,True,False,4,False,False,False,False,True,False,False,False
3171061004,DKI JAKARTA,JAKARTA PUSAT,MENTENG,GONDANGDIA,0.0,0,0.0,0.0,2,0.0,1.0,0.0,0,2,0.0,1.0,0.0,1.0,0.0,0.0,1.0,1.0,5,18,2.0,0.0,2.0,20.817843866171003,74.53531598513011,25.5,1,False,True,False,2,False,False,True,False,False,False,False,False
3175051005,DKI JAKARTA,JAKARTA TIMUR,PASAR REBO,PEKAYON,0.0,2,0.0,0.0,4,0.0,0.0,0.0,0,1,0.0,0.0,0.0,2.0,0.0,0.0,1.0,2.0,3,19,1.0,0.0,0.0,20.817843866171003,53.71747211895911,9.0,1,False,True,False,4,False,False,False,False,True,False,False,False
