PC1,PC2,PC3,PC4,PC5,PC6,PC7,PC8,PC9,PC10,PC11,id_kel,nama_kecamatan,nama_kelurahan
-0.23408557172020952,-0.5415153131729664,-0.3442908918384851,1.3643090121923376,-1.5911705138391694,1.0535760505670009,-0.06502888048230952,-0.21423180354881813,0.3626579966148067,0.9825434958524475,-0.015605541861099869,3172021007,TANJUNG PRIOK,WARAKAS
-0.2706434725246793,2.39632507210511,-2.2928169046375535,1.1495776989519484,1.8021150956347807,-1.0160432243834046,-0.4814473075188481,0.16368391082490374,1.9638596939998754,-1.3485329439922769,1.2589535930920062,3172031001,KOJA,KOJA
-0.49308203720374033,-2.5466762764668447,-3.065817746672348,-0.8045001449965286,-0.8003299076443723,0.26654493063334145,-0.8658314578225604,4.499477739664711,0.06040388397653046,-1.1612243821140447,2.516322097829857,3175091004,CIRACAS,SUSUKAN
-0.8635908351445262,0.18398070288941518,-1.1711257855939383,0.9899008687972005,0.31637530917915024,0.701415519661071,0.6681720932795556,0.5440652044806338,0.17166961051679314,0.735605200993413,-0.7523328796918682,3175051001,PASAR REBO,GEDONG
-0.17909918208570808,1.4099923674989363,-0.821325322099497,1.1631918541231547,0.9328059175731351,-0.7413304534038963,0.5053669255388763,1.0638947626248447,-1.036062734695597,0.978276990849575,-0.8076608319190867,3175071006,DUREN SAWIT,MALAKA JAYA
-0.7620154721598519,1.2130252089511318,-1.2010464741053888,1.2196558297992282,0.8881375357731554,0.32126859297869076,1.9938278124371986,-1.4367497772074904,-2.1136995389561415,0.06278160591884521,-0.4059529382827974,3174031001,MAMPANG PRAPATAN,MAMPANG PRAPATAN
-0.34505455091082016,1.2688830821862054,-1.8423560109201973,1.485513138228701,-0.19733162035780885,0.22473104698313182,0.7393382985751997,-1.029438180707458,-0.45881114895436553,0.579499652042541,1.046454201723758,3171021005,SAWAH BESAR,MANGGA DUA SELATAN
-0.6463027727859212,0.3987594830636258,-1.4461714990519319,1.361910345700718,-0.1462630831967523,-1.0164473948450206,0.30283350092102435,0.5569541094411302,-0.2478250217344818,0.15344034340289714,-0.8148423565468856,3175031004,JATINEGARA,RAWA BUNGA
-0.4432062727158792,1.8269281622594038,-1.344245638500743,1.339020786409574,2.1913691775176196,0.06756544633959533,0.10786918997380995,-0.6534644626086763,1.2871399773860834,-0.7814693471386911,-0.413740639020923,3173071006,PALMERAH,KOTA BAMBU SELATAN
-0.4729228134812845,-0.4758865359933426,0.07574471291063148,0.056925562175891536,0.8138805864662652,-0.32092563764608856,-0.02768704360394064,0.019964789256604613,-0.4376596853781785,-0.7133116396089318,-0.8074389042931565,3173061002,KALI DERES,SEMANAN
-0.2805550079977495,2.2245634945139336,-0.7519993355482322,0.9496560911240643,0.14419108306291697,-0.021767860848002377,0.9224651188564039,-0.42899990500886265,0.9387300887059746,-0.14631789250404828,0.26910580814795726,3171021003,SAWAH BESAR,KARTINI
-0.08722321305445853,0.755043213685954,0.026889514093773964,0.1844664118929174,-1.1515626204223572,0.9893772585689601,-0.06829296953069348,1.4143870492244033,-0.31435198044244106,0.6818455525206221,-0.24196771726360491,3175011004,MATRAMAN,PAL MERIAM
-0.3035773452735817,1.56084645371927,0.1866621394896502,0.21724247614486153,-1.4847175301135258,1.6207958857923899,-0.04859049130323019,0.20659544629716717,0.4760585341440301,-0.49026350660352336,0.06370875053749116,3173031001,TAMAN SARI,TAMAN SARI
-0.7528687523213382,1.8772630814327098,-1.6320210488692115,1.3757837024969044,0.3271997391502868,0.12655528539291624,2.5618917824787504,-0.7090649351351104,-0.5261583077221249,0.49387657334701673,0.8453391678623726,3173041007,TAMBORA,ANGKE
-0.5486355811607804,2.0768482204887024,3.140606809723217,-2.7450916902672855,0.25077471273412166,-1.0153337968554021,-1.4753149941882588,1.2449611315193225,0.4258358960595374,1.7308144954600153,-0.7926574398275018,3174061004,CILANDAK,GANDARIA SELATAN
-0.051304983625975784,1.8763900157825968,-1.0338912158044298,0.22067707945088869,0.31262635689068347,1.1303407458084114,1.0258124864413725,0.864648962919751,0.5992442312354859,-0.7872292424876167,0.9200962777750948,3171021002,SAWAH BESAR,KARANG ANYAR
-0.7740910099128401,1.1339819238327862,-0.9185896277965704,1.3519325106813704,0.2894293203537186,-1.414604111384985,1.43259110483144,-0.9218511416970714,-0.5323969870647812,1.6802735233382784,0.17193841441045893,3171061005,MENTENG,KEBON SIRIH
-0.4275480614128034,0.14820702784688605,-1.7580014840051827,1.0243022483296564,0.21137461970584384,-0.9883945046279965,-0.32279548144901965,0.23618424954036396,-0.5357215209012712,-0.5317306593672452,-0.47091788108392013,3175091003,CIRACAS,KELAPA DUA WETAN
-0.336156926212208,-0.5304142047638878,-0.3414806343273907,0.8543091614048285,-1.1615187052671838,-0.07870757289441146,1.494052298242348,-0.6266022455618556,-0.06543510007453887,0.07564919758192451,0.31802718158954096,3171041004,SENEN,KRAMAT
-0.5830262114526539,2.6815070676307484,1.057579180995614,0.19328050602645117,0.4011676965089888,-1.1964159719374439,-1.2603640256836073,-0.7182595894456105,2.6360330997143295,1.6074808488692083,0.026386239003122248,3174021008,SETIA BUDI,KUNINGAN TIMUR
-0.6891145254710133,0.7686164820736489,-0.8319241934395929,0.6006524713082974,2.1523628074726724,0.6341065073787895,-0.0387140825229366,0.37214486273532993,0.2424420908999627,0.21621274381673605,-1.0149158112289385,3175081001,MAKASAR,MAKASAR
-1.0583780715825144,-1.9777575537022263,-0.8121799996404873,0.5097240661941123,-0.9742511318893267,-1.8319223268044387,0.7961378178238671,-1.4734123972977118,0.7067790110667751,1.0071054761233325,0.8222770228318648,3174081005,PANCORAN,PENGADEGAN
2.509639247178152,-1.9980380353073421,0.6202446063467213,3.564516560248654,-1.0248887065902041,0.2488578177443097,0.3947330686434333,0.053730917131233236,1.1462057809287216,0.3268006774925062,-0.01369625647082012,3171071004,TANAH ABANG,PETAMBURAN
-0.5144458098930632,0.8397870300262901,-1.7231378196952045,1.0861724797342152,-0.23125870888211206,-1.1362980332226915,-0.11230408942325011,0.6205504673540612,-1.0694771854320884,0.290139520268433,-0.3283633628212186,3172041005,CILINCING,SEMPER TIMUR
0.24065392665350657,-0.03841925995000197,-0.35807103735468854,1.4673979722739574,-0.9906881883573296,1.284377583636563,0.8564544450278958,-1.099938162604572,-0.7807844625485683,0.08605287623483879,0.8210058747058498,3171071007,TANAH ABANG,KAMPUNG BALI
-0.5752088597165025,0.5825916272642045,-1.9234659402071126,0.8158588389334568,-0.008556472273021913,1.1058675675489225,2.0800706830045237,0.6845061568830936,-0.3914133706405252,0.1380063705098301,1.0845131313782248,3173041009,TAMBORA,PEKOJAN
-0.670252442976009,-0.020048146399068708,0.530950915725047,-0.3769568582671478,-0.891235122966877,-2.333111966773277,0.6685543390802043,-0.5842361844588466,-1.0065594048258515,0.01159948100134101,-0.00675686899339006,3173011003,CENGKARENG,RAWA BUAYA
-0.6935241580140993,0.764490108360139,-1.3959069822745729,1.447230125335373,0.3019666427926895,1.2048119351352489,0.24371299250945938,0.6931626869755952,1.370360285603738,0.3064281891409788,-0.8370988136821754,3173031006,TAMAN SARI,KEAGUNGAN
0.2980568654777354,1.402991059909207,-0.527498726919451,1.8447733977508307,-0.17976236682552615,1.541559665239296,-0.7232229629332652,-1.8532683550119482,-0.600463075368867,1.0514657237391893,0.4883502650946015,3172021001,TANJUNG PRIOK,TANJUNG PRIOK
-0.0062409926572774815,1.061398556683578,-0.9013093300572006,-0.3767194676784677,-0.5698554843329691,1.0633009212395883,-0.1289571886237973,1.49134926221219,-1.1272313965995377,-0.7934418505076196,1.2975171072562148,3171031001,KEMAYORAN,KEMAYORAN
-0.7041836103437942,2.38338298662263,-1.453127514500503,1.3395786397563139,0.4789937139179037,-1.2937233997222537,-0.41465922039944436,-1.5054099119380173,-2.454030017981113,1.0993663084560417,0.7850519455458163,3171011001,GAMBIR,GAMBIR
-0.18545474288615288,0.9683133406009882,-1.338392418885531,0.7722033819447242,1.4266681945446122,-0.9366787727729567,-1.3880342379577542,0.2450467959639003,-0.6830772386566841,-0.03620952639818576,-0.5640560111830215,3175061007,CAKUNG,CAKUNG BARAT
-0.643811538865669,-1.1658624038042076,1.6161815807890798,-2.310830965976688,-0.3151525348637195,0.7271879713302212,0.5036970233107249,0.45488685745369073,0.2332850472394133,0.37353061406072885,0.5181867612549851,3171061003,MENTENG,CIKINI
-0.5965632402842577,1.8705235723184357,-0.5440479539428095,1.0930878895765548,-0.1705991112382126,2.8761160353580504,-4.077016116483189,-3.1217183671681705,-1.73765195129906,-0.9717363673316174,0.589614334607245,3174081006,PANCORAN,CIKOKO
-0.43351123717510337,1.3127461671766665,-0.606444153322079,0.8754872446743261,-1.3712504453309933,-0.5664619895198441,0.28350927955897615,-0.7800501472423663,-2.144300781188798,-0.15093525145564446,0.2262819383404608,3175031001,JATINEGARA,KAMPUNG MELAYU
-1.3577117016841902,-1.9395223258653913,0.047018173093582256,-0.4232418919268227,-3.085506699697942,-3.395605929688225,-0.013192247428626009,-1.942520069909459,1.9809163516937542,1.4690401018702586,0.3717044518001568,3174031005,MAMPANG PRAPATAN,KUNINGAN BARAT
-0.7177609609772979,-0.8442051588769672,-0.2005542457874276,-0.5729122073501355,1.6384180007703568,1.4283348807145497,0.3658282316837147,-0.1962199376352214,1.3243549072490184,-0.231250305475392,-0.09484295248681605,3171041005,SENEN,KWITANG
-0.3331558374076399,1.380401597027492,-0.5506869406149592,-0.29668103446315214,-1.070021971762546,-0.524228162622067,-0.5441618275094776,1.4313708240647904,-0.6325625071736759,-0.7391795745069717,0.05579400208549542,3172041003,CILINCING,MARUNDA
-0.6544556179345914,-2.681132252482026,-2.0071954845492135,-0.33903946866942325,-0.8100966682088067,-0.9371842458066832,-0.2540497581169287,2.868377041258083,-1.152163822309724,0.12408937955478268,1.258302955544909,3175061002,CAKUNG,RAWA TERATE
-1.5886542210158971,-3.4179234491126382,0.15567941426511683,-0.6459188542834137,-3.520470671779491,0.5715498577915399,2.009002985760357,-0.8865287543733347,0.1353922740655067,0.42473273260572275,-1.1207382374186077,3173041010,TAMBORA,ROA MALAKA
-0.6683411136121982,0.2448526757595314,0.693292797444115,-0.9739065651159762,-1.345975238914825,1.360606627529221,-0.29664517861685247,0.7858224734566365,1.5119045982571113,-1.354546335505614,-0.013726648096798778,3171041001,SENEN,SENEN
-0.4896419913483851,-0.8325437910989564,-1.655536348900306,0.8612653798259615,-0.7934566734858527,-0.6317310180943475,0.4184260919007887,1.1952674291851861,-0.24682146229802368,0.590513646926101,0.16322471278482395,3171031004,KEMAYORAN,SERDANG
-0.07949339491555268,0.7516986133510822,0.587074432927918,-0.4252266196023763,-0.1871025005419148,-1.0237910918238498,-0.5998007566384591,1.0057165299566804,-0.44662302297000966,-0.9888984472866025,-0.6651992354904956,3175061001,CAKUNG,JATINEGARA
-0.10126021717152174,1.427365608851476,-2.6494711416185512,0.34758122275932407,1.707762395090743,0.6581692259692452,0.9362728628942846,1.4739519682922586,0.1304601945426489,-2.1180809465569554,2.0646960218321073,3172031004,KOJA,RAWA BADAK UTARA
-0.6765696192213273,3.320343237202899,0.72507581625984,-0.22568813611644692,-1.3028761237187305,0.17538594489689552,2.4287361616558796,-1.13696019660311,-0.3183398606470512,-0.6477965082351373,0.7472855029766218,3173041004,TAMBORA,TANAH SEREAL
-1.5886542210158971,-3.4179234491126382,0.15567941426511683,-0.6459188542834137,-3.520470671779491,0.5715498577915399,2.009002985760357,-0.8865287543733347,0.1353922740655067,0.42473273260572275,-1.1207382374186077,3173041011,TAMBORA,DURI SELATAN
-0.7777480912445358,1.8262905118993304,-1.3288257900018965,1.3282221202027593,1.4389269379495402,1.6505437500145308,0.8660979920720563,0.1052833082224892,0.8516954395939944,-0.2776056564104293,-1.034491274259314,3173041003,TAMBORA,DURI UTARA
-0.8283740567643141,-2.1050372522106313,-1.8078513345430625,1.579418367659825,-1.931323963856987,3.381384554322024,-4.825909975880641,-0.986960204892698,-1.4069404148729339,1.039165251699296,0.7987997895859854,3175021004,PULO GADUNG,JATINEGARA KAUM
-0.5443979672492956,4.797604297235528,3.043432811172807,-2.0343183850912503,-2.352448869548751,1.0006311305604745,1.4004863765141098,-0.7930362163677188,0.6457343766207482,-2.227955356753947,0.2710451073765447,3173041002,TAMBORA,KALI ANYAR
-0.5318424158013426,0.0006899755038167801,-0.3614733319223624,0.038606844910562245,-2.150131840767844,1.1750786157210926,1.6285964157701898,0.9946083796885695,-0.16731030771764324,-0.14478360176537064,0.6351583312065665,3173031002,TAMAN SARI,KRUKUT
-0.46389127322822055,2.0054476840805613,-1.5730324215432128,1.1916740776459682,1.306684991833193,1.7482411403015683,0.81059809292067,0.984990383596749,0.9057068610406098,-0.21678126541217954,-0.17219794553084355,3173031005,TAMAN SARI,MANGGA BESAR
-0.3689350645396018,0.9787377273759914,-0.17453312661618114,0.8049610344625868,0.6953612003419043,1.394511930775618,1.4034368631178868,-0.3951289363807455,0.23444011231096493,-0.050163825849187875,-0.34511487597338325,3174011006,TEBET,MANGGARAI SELATAN
-1.4589607754348461,-3.862966029516723,-0.6323892195447186,-0.7917692774244943,-3.4213616697968066,-0.520207963700085,1.6655472415939836,-1.286038179174069,-0.13564825150031448,-1.6790266150010942,-1.2184281828993795,3101011003,KEP. SERIBU UTARA,PULAU HARAPAN
-0.7012035719854958,-1.3071303923625464,-3.373462216212323,0.6794306730372399,-1.7903937262376164,-2.2358264496908786,-1.7715639026134784,1.0712663308634969,2.5840749482172383,-0.565435336387462,2.741489953720022,3101011002,KEP. SERIBU UTARA,PULAU KELAPA
-1.2575579329315685,-3.078828089411608,-0.6796221345475939,-0.7079651497117272,-2.500277701801465,-0.22782319570551182,-1.0875674965795328,-0.8520079719411745,2.1640102379519637,-1.8571845697738454,-1.7972794837354438,3101011001,KEP. SERIBU UTARA,PULAU PANGGANG
-1.4232018701481257,-3.501747863116205,-0.47476319666393096,-0.775762502608286,-2.3207715330350647,0.25315712334731283,-0.44946537276573495,-0.349798507916226,1.804909662041358,-2.214391507546665,-2.2200416862029964,3101021003,KEP. SERIBU SELATAN,PULAU PARI
-1.119025197626167,-3.3266572745549365,-2.1138078024073668,1.3722940573174316,-2.4432785417116523,-0.22969554524502586,0.9981324709058341,-0.5126244470676206,-1.168267689736058,-1.0720023058612396,-0.7070501755779862,3101021002,KEP. SERIBU SELATAN,PULAU TIDUNG
-0.9405930783283551,-2.2551844363163482,-2.038331587421708,0.903477905240699,-2.577405486766192,0.24411544909073193,1.393003118093284,1.3867758314110696,-0.00785149067267866,1.2371138266660016,1.3313742259886552,3173031008,TAMAN SARI,PINANGSIA
-0.826543630156224,-0.8409727038300057,0.3753353849099432,-1.1887682563444766,1.687364697097532,1.27352757689507,1.273887634845144,0.03521967218636545,-0.20902299412884437,1.5923653592329663,0.5192179824570082,3174021001,SETIA BUDI,SETIA BUDI
-1.4507412818117127,-2.8302126534313254,-1.4294932614083151,1.2376371534399113,-2.439350965059159,0.6844108236495579,1.796726485355565,0.06952671315724464,-0.595342583881566,1.0325648966332786,-0.7850329583307629,3173041001,TAMBORA,TAMBORA
-1.5378157699788775,-3.893756093860767,-0.5519825096433472,-0.7082789879935971,-3.3897713358010577,-0.5457841199291572,1.6418078576454167,-1.2267321600172387,-0.18393963918680623,-1.7086168921965992,-1.1967677653908328,3101021001,KEP. SERIBU SELATAN,PULAU UNTUNG JAWA
39.35403064001781,2.9376347068089648,-12.122517397352137,-10.969112556277073,-1.1890539467876826,0.4662598875458879,0.30997986212059986,-1.630188540043048,0.21346046358155893,1.2291125834111571,-1.7936277575203687,BELUM DIKETAHUI,BELUM DIKETAHUI,BELUM DIKETAHUI
37.9995429230378,-4.378693228235623,11.27878700698653,10.567393650312441,0.6650517001428479,-0.6851362646939706,0.030198967074860344,1.2949252581413864,-0.10886391453109233,-1.2692052415373305,1.674476826822839,LUAR DKI JAKARTA,LUAR DKI JAKARTA,LUAR DKI JAKARTA
0.7246368149660882,-2.4105750563642685,1.606965491729981,-0.18230985479722442,1.2164360343850797,0.3274161258382093,-1.1363405492982532,-0.6831307574521085,-0.8591613539159132,-0.4811130741484467,-0.0398452201208189,3173061005,KALI DERES,PEGADUNGAN
-0.21389117230290464,-6.722676556542725,2.837638395651731,-3.553745997133982,1.4077611357289717,-1.0231381707816871,0.9420570545096442,-1.8827998163414768,-0.827347890114908,0.59079336508295,1.5293677753902286,3174071006,KEBAYORAN BARU,SENAYAN
0.6379443695584323,-0.4584163364482182,1.693004280468348,-0.14359281746920488,0.6177588173799227,-0.4344552257852845,0.1788020928546207,-0.1947613241804975,-0.10624318631084276,-0.6226176501714906,-0.17885889097258992,3173051001,KEBON JERUK,KEBON JERUK
0.9848105260924538,-1.7284788984480552,1.4690871612271021,-0.9600392749358149,0.7127144200732861,-0.037695451915733244,-0.052806909442963894,0.2909789089339151,0.23153687918989527,-0.9016843111804118,0.5050666546430418,3172061001,KELAPA GADING,KELAPA GADING TIMUR
0.6205515020630591,-2.478174961058879,1.971360067045487,-0.979922873251194,1.388930916356862,-1.7797365489584036,-0.6977787791163054,-0.8378830701683797,0.05033127238968429,1.278172481382569,0.4874587987665044,3173021003,GROGOL PETAMBURAN,TOMANG
0.6937701828511641,0.6336364384392795,1.451878242648171,0.12620801486848807,0.04330101250350731,-0.7584710217923015,0.8609534188763094,0.6288227494479499,-1.3660621268582287,0.5767224297177381,-0.46311710597089767,3175071001,DUREN SAWIT,DUREN SAWIT
0.6879048047317983,-1.4948475343216703,2.146023337059172,-0.7124322723746295,0.9927275716879415,-0.38205758628124303,-0.6319411698330394,-0.6695469177394945,-0.28032047070634486,-0.6834092175824674,0.0644308540326396,3173061001,KALI DERES,KALIDERES
0.6443220588758666,1.323139019129357,1.8821601108579502,0.2002579753584757,-0.805693044265507,-0.37690447892689083,-0.290998537666961,-0.2946794904298676,-1.4597799039200576,0.2540839786543201,-0.06081667542650223,3174051002,KEBAYORAN LAMA,PONDOK PINANG
0.7394259648584133,0.22830302093324867,1.0486197649382398,1.3515822958316968,-0.5421331495956708,-1.0433846694700804,0.46077208018486027,0.9572622198971759,-1.164286061072014,0.7622089595377566,-0.9176979455961936,3175071004,DUREN SAWIT,PONDOK KELAPA
0.4074771460308874,0.19046310803478525,1.6243726621115535,-0.9245227004860728,0.457074132678055,0.2586434006471609,-1.2061689872449823,1.6213060913663702,-1.8076269904424647,2.095948498475272,-0.7819064206882317,3174061001,CILANDAK,CILANDAK BARAT
-0.16414885221864836,-2.1326787442621176,1.3341935158407134,-1.0389246036781152,0.9547310709639533,-0.08873347138966435,-0.11934692273325093,-0.5600413727515647,0.42959175398740335,-0.7758828873464709,-0.193638640089733,3173081004,KEMBANGAN,SRENGSENG
0.0014343155863508052,-0.772900244646727,0.7325596149432736,0.2563639584289716,0.3889899747870549,1.623468445624186,-0.5076271696890877,-0.472715547743365,1.256567324908549,0.250430829879221,-0.26454545699652887,3174011003,TEBET,MENTENG DALAM
1.0913412219465364,-1.148782388862337,0.4724088239322505,0.468910180559023,0.8245748315956765,-0.4072941795279912,-0.6218329773893264,0.07636512662031741,0.5570315177455205,-0.5496651001314391,-0.2830800013747401,3172061003,KELAPA GADING,KELAPA GADING BARAT
-0.6103972778766082,-2.5118801545106626,1.162486722395309,-1.5034901906763354,-0.1366264026131222,0.06361728349097538,0.27931965072545994,-0.33271304655553524,0.6231625605420014,0.24034459075437428,0.11430381062820205,3174031002,MAMPANG PRAPATAN,BANGKA
-0.19913044309634617,-0.6049272931480294,1.301123294339829,-0.571946785190816,1.4063464996676094,0.2704351066844628,0.4764910017215878,-0.4622458187193924,-0.08939098030522052,0.30104296192406316,-0.4806233217866169,3175081004,MAKASAR,HALIM PERDANA KUSUMAH
2.396107575906005,0.4747397154358673,0.6982454941050761,1.563333973398332,-0.5256837414742865,1.4648992056399028,0.8391321946666563,-0.4636014873283953,-0.46082570199682565,0.3578168521385616,0.4047105971417471,3172021006,TANJUNG PRIOK,SUNTER AGUNG
0.2485531054896259,0.07885659477691083,-0.05110637434059551,0.3433390333896429,0.20584920247231636,1.2661373943517706,0.15904050573597314,0.3708515872876419,0.4727050942304154,-0.10904616404924539,-0.16023357973910027,3172011005,PENJARINGAN,PLUIT
-0.13303802715992777,-0.28417439795838834,-0.3175096307226408,0.22531879352216497,0.3071099638672242,0.1100552696406069,-0.14169449341954246,0.8451459578075067,-0.07223144482981055,-1.5590478533073127,-0.8777924624770799,3174091005,JAGAKARSA,TANJUNG BARAT
0.3410062851586398,-0.3308599871457684,0.14579396915702125,0.6274585184917982,0.7909258738274245,-0.4092861303623707,0.6742136600369179,-0.09104017909989488,-0.6628607161216138,-0.2771882183996645,-0.391573732343488,3173051005,KEBON JERUK,DURI KEPA
0.00782445549864279,-0.5650720775030778,-0.7048136657068509,0.8064596386185486,0.2820180114370141,0.6709894823878024,1.2902986859716534,0.0869520747836103,0.013498677311277116,0.6238586333207795,0.050939757053785034,3175021007,PULO GADUNG,JATI
-0.24226297059611523,-0.16434450138110018,1.5919842208936787,-0.27387276752129713,-0.20131354979474692,0.9614290066511134,0.7051238930443491,-0.7402719998381132,1.068679840683056,0.0158725436638435,-0.1569363228771509,3174011001,TEBET,TEBET TIMUR
0.3459022381503072,1.4907395608362013,2.8290964734046673,-1.3219312880991694,-0.42572739101710255,0.19242146470502322,-2.366283335795425,1.3543146667115045,-1.0672017194612053,1.4834780865374642,-1.055284431518194,3174061002,CILANDAK,LEBAK BULUS
0.20971250529273164,1.7155449780914505,2.4556909556134086,-0.6345369531895331,0.03843734042999059,1.0744414761795689,-0.08989184533592472,0.0992468966473097,-0.15461329981315527,1.2097887684286728,-0.27875187379454097,3174101002,PESANGGRAHAN,BINTARO
-0.31017956174682915,-0.5919457895036744,0.1647457043367074,0.01996476725593196,-1.3787221070974114,0.6448719732258704,-0.8123339925565877,0.5443128329836705,-0.5501229969028022,-0.26898229422849423,-0.4142649049860052,3171031003,KEMAYORAN,HARAPAN MULIA
-0.12318903173297503,-2.002245382687611,1.0227755527471232,-1.2848311955042626,0.8331231402886029,-0.0011493959557782013,-0.3651528785180291,0.28536021382458326,0.5192711050029565,-0.21579875858176412,-0.0016881547017611022,3173051007,KEBON JERUK,KEDOYA SELATAN
-0.2857442208523798,-1.3920149671137627,-0.26610088318067093,0.39249516844261084,1.155937116117837,-0.4033961788873248,-0.9181207761848313,0.3160608127012005,0.9443407262762925,0.15827213949696484,-0.8686043479958756,3173051004,KEBON JERUK,KELAPA DUA
-0.06555545413860789,-0.6142010413187385,0.2623658316267922,0.39830374322157863,-1.2855204080983427,0.17788459793652842,0.06321471233682857,-0.045201057203552275,-0.6314705435051828,-0.1906563783944165,-0.13009054317998894,3175041004,KRAMAT JATI,BATU AMPAR
-0.6879572456840811,-2.7171056354482293,2.1901631883351107,-2.984964983459883,1.4907481317344655,-0.9635680280851965,0.6584980399905117,-1.8498730779636368,-0.46887483867441115,-0.3835324783891323,0.8392453565477104,3174071005,KEBAYORAN BARU,RAWA BARAT
-0.2763373192174602,0.002554388015076071,-0.1296981371819047,0.9062541309039287,-0.4457351006593701,-0.4189489322047367,-0.8468532497349581,1.0208304345247816,0.7369366033971482,-0.4769404101685071,-1.5426222957881903,3175031006,JATINEGARA,CIPINANG MUARA
0.41566222748493287,-0.09403814356817736,0.04396952358667441,0.2783688063796948,0.3824410677070332,-1.8525358647270551,-0.17707603158446775,-0.021866313842824864,-0.8947927060068698,0.10475165081182285,-0.24247511276847095,3175061003,CAKUNG,PENGGILINGAN
-0.044282442921077095,-0.0076353664959109245,0.10763187152110484,1.0737960004975364,0.6030057817404296,1.504013845830411,0.9548561918776081,-0.18252887738115975,0.5657202874842358,0.04389517739502972,-0.7047172463072419,3174011002,TEBET,TEBET BARAT
-0.19615269230993385,-0.07074670337953809,2.214890739344021,-1.4531640345886094,1.0416611848581547,-0.21238029169830122,-0.18580474642580658,-0.015372831809508013,-0.49593504505083125,-0.46161791363663274,-0.7872544497334996,3173021004,GROGOL PETAMBURAN,JELAMBAR
-0.105690324296676,-0.18517649427376093,1.6803030311868539,-0.799178195164954,-0.51712931536149,0.9276509838465191,1.211901833843026,-0.6926836117119619,0.6251329071131031,-0.04205423306883019,0.5358221213539069,3174011005,TEBET,BUKIT DURI
-0.4226990290323837,-0.33873985036116744,1.5631063460228565,-1.2063800887707872,0.5043891192157376,1.5696985807522328,-0.6969946169377365,-0.27917213248135403,0.40138795904446384,1.099072718860346,0.01892785473841624,3174021003,SETIA BUDI,KARET KUNINGAN
0.3872582688852373,-0.2742894217664507,0.39677206812326954,0.6263384589564706,-0.7288534336071705,0.14026056207000398,-0.33800689300468056,-1.6938909390785122,-0.3476525495091508,-0.5701117718667779,0.6189622644563069,3173071001,PALMERAH,PALMERAH
0.9224933536832588,0.32900751310557735,0.6819562156715274,-0.21240671173079156,0.11010509481769552,-0.7350071042855942,-0.6420643647952652,1.12925297358165,-0.47069552512706847,-0.7760413453927733,-0.48927149012273785,3171051002,CEMPAKA PUTIH,CEMPAKA PUTIH BARAT
-0.4618744775907961,-0.3308618473835059,-0.1874322589312992,0.4629798497594539,0.2653424558614592,0.511599328798066,0.19999985136310658,0.4383641099163895,0.2040429302745314,-0.33263141698748866,-1.04749154376012,3175041007,KRAMAT JATI,CAWANG
0.5141408985812447,1.0058199786780935,0.28071748793062434,0.8403502035860442,0.13117036973226534,1.1188053502420199,0.5173899222769104,-0.06273744961952558,0.1605162883648253,-0.20094299267077345,-0.24687892209471993,3175021006,PULO GADUNG,KAYU PUTIH
-0.07684348210644663,1.4831808829135484,1.3890116039434401,-0.32127383672308885,0.010324119000419383,-0.17161387413542986,0.3307512104888323,-0.177028947252562,0.419210044717859,0.2264448043416861,-0.17460585761130837,3171061001,MENTENG,MENTENG
-0.2570843435734035,-0.5736975747904769,0.31685827054836496,0.1763333534566942,-0.6791906821226935,1.3842900515210301,-1.063677699058575,-0.329257060287649,-0.10691383630105791,0.6124749427404832,-0.24656642329363698,3175051004,PASAR REBO,KALISARI
-0.2587144275557235,-0.289399678950197,1.026491941898169,-0.9150354119051888,1.0468095352835736,-0.023829463379273334,0.30362831811202656,0.4266312671942566,-0.4792557816221719,0.7099666748712626,-0.41199534832709794,3174051001,KEBAYORAN LAMA,KEBAYORAN LAMA UTARA
-0.1812912391687805,-0.7305154355060014,-0.7072188658447492,0.762547445294284,0.951787417531373,0.024555247143122443,-0.5523319776412043,-0.2884019471242091,-0.5607181093341602,0.10879407376732417,-0.4383348497679782,3173051006,KEBON JERUK,KEDOYA UTARA
0.41091177954721697,0.2799922636029373,0.9556268513028395,-0.4555704271022969,-1.3806210707815383,-0.1547215145909701,-0.33362864160533545,-0.20764474445346098,-0.5485469833797312,-0.1986629190279227,0.3335110622909906,3171031002,KEMAYORAN,KEBON KOSONG
-0.3536097642519852,-1.875026540869306,0.25603858357360815,-0.2524376913796704,0.7455246340066353,-0.11620332806740981,0.7432161840776423,-0.543713393897759,-0.566332971441269,-0.617529183421174,-0.23903804131406203,3173081001,KEMBANGAN,KEMBANGAN UTARA
-0.10060246118983468,-0.473717688716912,0.2528934920406679,-0.5375078595372211,-0.14844822638228458,-0.28896447249816876,-0.3968148929730237,0.7166420142862788,-0.5099197231568929,0.14331730726672465,-0.21968602803032594,3171081001,JOHAR BARU,JOHAR BARU
0.15829669684234726,1.9800472061453305,1.9788972324413172,-1.6023684808391292,-1.8737505558535472,-0.1646736988555781,0.12085708946836801,-0.3310943147982458,1.2768187374642548,-0.47902723357672783,1.453570932330993,3175021002,PULO GADUNG,PISANGAN TIMUR
-0.4395361451855401,1.4645293369910912,-1.8385858033661047,2.0061501889593436,-1.5460608470760127,-4.703194261351547,-1.2970477665539621,-1.5690924008625613,1.6059813079144587,2.602379220783266,1.8970502332264345,3171031005,KEMAYORAN,GUNUNG SAHARI SELATAN
1.3354239772777177,-0.9284655930032966,-0.3471366859890698,1.7648903025779659,-0.6360872782187983,1.1704006170355366,0.38284256494448826,-0.35507054727016635,0.4041774652439175,0.17729198565816318,0.25530055846206484,3171071005,TANAH ABANG,KEBON MELATI
-0.6238755919893876,-2.2384583504167774,-0.5190464529873599,-0.13899968832245913,-0.4106078045110366,0.43311391496964174,0.40274129947814746,-0.9463451149210218,0.2869116182915732,0.7305815757326702,0.8626894714348202,3171041002,SENEN,KENARI
-0.4317513235733992,-1.0768837317108917,-0.8956111770400593,0.08183962241497572,0.8951492697634008,0.7563221687108281,0.1113174664652392,0.567023763108428,0.8512983129212283,-0.3288520867200029,0.05298970846557838,3172051003,PADEMANGAN,ANCOL
-0.38718066593106654,-0.3178755273237076,0.13126239990062158,-0.5211991961679339,0.9979232450703006,-0.11484482321544452,0.5078350827762564,-0.3788581093265126,-0.20319006227653744,-1.0189987424725688,0.077889862627089,3173081003,KEMBANGAN,MERUYA SELATAN
0.0027808187582104653,-0.1663999439506225,-0.7768214841920307,1.17087205690282,0.11583962401102102,0.9785290121426052,1.1429253539480835,0.2640826300417283,0.6543361066071673,0.9468276867751202,0.12847764497965247,3172021005,TANJUNG PRIOK,KEBON BAWANG
-0.45812855835880667,0.049060028201138334,-1.1509221251348498,0.36192889367600595,1.3444835167790632,0.5943528761166298,1.0909617461768726,-0.2850934409142162,0.14002972817288203,-0.6250894070240254,0.21525837210982415,3174081002,PANCORAN,KALIBATA
-0.43426977873874595,-1.185217077377337,-0.8701276371127158,0.6070111169271227,0.5255750824815905,-0.5712072261742108,-0.633608637595964,1.1509330130821942,-0.28310939845421657,-0.3192622635715932,-1.4324223020259557,3173011001,CENGKARENG,CENGKARENG BARAT
-0.5034428731468191,2.442211199663777,0.2836677533287582,0.18052141932573104,1.3432884982613713,0.3341992156549366,1.3991265134650832,-0.6315895530926666,-0.2732993541189999,1.1767959940338004,0.16812122489058112,3174021005,SETIA BUDI,MENTENG ATAS
-0.6299831103178762,0.6532719108075663,-1.5686696466435066,1.4744218188695812,0.5333913536814641,-2.4620111507514153,-1.7182346970775064,-0.1096780805855268,2.083886772966689,0.006362266949355211,-0.4454481521054428,3174091006,JAGAKARSA,CIPEDAK
-0.4342057676239138,-0.5734257127554765,0.6562022755547983,-1.6006612690851096,0.1248671880732493,-0.7315406300460342,-0.49045048406281905,0.7710678868328065,0.3837923729197685,0.2736529764012171,0.37253050471507665,3171081004,JOHAR BARU,TANAH TINGGI
-0.07521272986965719,1.3118326045342508,-0.023025697499390752,-0.5228902414725161,-0.1375207635571754,-1.003673954510564,-0.5507212378291827,0.2574946729769741,0.17576429537341065,-1.3655232980338308,0.051322387283644647,3175091002,CIRACAS,CIBUBUR
-0.4792406627054346,-2.240623616286282,0.394026556102402,-2.2274568550659732,2.532822343743347,0.22948465263410767,-0.6140400917906681,0.5145343192419911,0.6804853622613701,-0.3548777503865635,0.7752180980745456,3173061004,KALI DERES,KAMAL
-0.13911251034356228,-0.05583958064533734,-0.9184844508095084,1.065449010223461,0.4284573907293473,0.8281202577778667,0.24134120275140283,-0.07394291231149906,0.455904639541608,0.6235466464999988,-0.21761023764439932,3175021001,PULO GADUNG,PULO GADUNG
-0.5828625820218402,-1.5210726587372125,-0.972996046157954,0.44635444519267226,-0.486794180266625,-0.31912892526092956,-0.32498585465022967,1.102806815977318,0.515691620974106,0.5575127062125336,-0.5205723838286165,3171031008,KEMAYORAN,UTAN PANJANG
-0.5322667741206338,0.1999910445317573,-0.2104218026083348,0.029593944408604016,0.32543213118540004,0.06876066065487679,0.23811146917964904,0.047390486591986455,0.5175349180871347,-0.23961558109730385,-0.30151283971284,3174031004,MAMPANG PRAPATAN,TEGAL PARANG
-0.5584845477206928,-0.5649378556470391,-1.069630626255732,-0.24519883361751896,1.5146042069401242,-0.6149288524893297,-1.3867122024964875,-0.06479040476220367,0.36570061916682817,-1.0434473291724329,-0.20221120802296288,3175101006,CIPAYUNG,BAMBU APUS
-0.7064023645920186,-2.061188971716393,0.10048775224855135,-0.8207224965150258,0.3671132411735659,-0.029641392213259347,0.5669503366622431,-0.10395790797685941,0.2510160755843882,0.5167848338547245,0.08901729602957721,3175041005,KRAMAT JATI,BALE KAMBANG
-0.8811757504882868,-2.5678421581973283,0.6263149094660134,-2.1791268830824584,2.5100838392464313,-0.7757770391665381,0.22819128378726034,-1.2428255202570797,-0.07745770132090045,-0.10005642150646149,0.7617242967628827,3174071008,KEBAYORAN BARU,PETOGOGAN
-0.4983878182308809,2.028328769887629,-0.30331347171780976,0.1631133376892256,-0.95348132768816,-1.9896574914417535,-0.9865470024891205,0.8763513973902032,0.818352370588001,-0.23218207158869275,-0.32729154102428737,3172041006,CILINCING,ROROTAN
-0.37664048734653377,-0.1433702313178169,-0.2912069238600767,0.05657993235930615,1.732544499921088,-0.18266527895032367,-0.6804701436205366,-0.726139895350227,-1.679400231222366,0.6684142381585474,-0.04771184072802335,3173021001,GROGOL PETAMBURAN,GROGOL
-0.5120793230209194,-0.3382737093042169,0.6930544686417773,-1.4447683576509416,1.560189444538725,-0.7870735001770318,0.714914972463057,-1.0249753374415769,-0.8362682928948083,-0.9826016168020558,0.684689338605362,3174071002,KEBAYORAN BARU,GUNUNG
-0.8553922043685481,-0.3087822311273737,-1.0012609687805547,0.935414731391583,-0.6425901050536142,0.5834019739220283,-0.29133459985507537,-1.224580428008264,0.48691468452861,1.0515599047740667,0.34012111095434505,3173041006,TAMBORA,JEMBATAN BESI
-0.432887588816567,2.6449013857513384,0.7187441901191716,-0.44109467691006676,-1.6742266932567875,-1.9089664856494555,-0.31106723082148985,0.5134246601066359,0.1560260000896067,-0.7398894288448998,-0.1971816353841623,3172041004,CILINCING,KALI BARU
-0.49961248422683713,0.8254232390054992,-1.1396860825391553,0.8161211335095412,1.8163210497082847,-0.09782713970968701,-0.2892700533008364,0.9890355780142429,-0.5354626479017509,-0.8555952446119578,-1.6614648082919525,3173011004,CENGKARENG,KEDAUNG KALI ANGKE
-0.5525362523608336,1.3803415794828928,-1.0326604975943166,0.2600245744774759,3.752545204963744,-0.7471916904297038,-0.4993037867421532,-0.582505803314389,0.41783521959545383,-0.8557135028291016,0.024889706499072572,3174071003,KEBAYORAN BARU,KRAMAT PELA
-1.03266793994459,-2.391974013125286,0.11171147119345241,-0.7562413306135989,1.6520795013358536,-0.8258808627751056,1.5089226804130758,-1.7000484219125476,-1.7490162233583482,-0.07582707316351117,-0.1642434219438498,3174071001,KEBAYORAN BARU,MELAWAI
-0.9403130843195193,-2.5787951461290377,-0.8107343679889722,-0.5035012480565604,0.028739173191071582,-1.3680472332174598,0.19246307579753386,-0.11376840280725985,-0.48649723440347065,-0.4997567266242883,-0.012380214979310971,3175101004,CIPAYUNG,MUNJUL
-0.5911566492104722,1.5479300593267002,-1.3608808776800754,1.0771723659333288,2.203619347492217,0.7522753859157134,0.4301548591486373,-0.3558746715966515,0.7936496821186024,-0.940621120235594,-0.6769513555396992,3174081003,PANCORAN,RAWA JATI
-0.20106777823004837,-1.9407422681258601,-1.9088680644665854,0.1562407210808354,-0.5845393134003617,0.17216108879318276,-0.23922996466243576,0.2590253206218494,0.1571564007577947,-0.9506712179883423,1.072104749698594,3172031005,KOJA,TUGU SELATAN
-0.25061170084708184,1.2731868478543327,0.34448921408099353,0.4151745448905407,-0.8973543144418178,-1.2414840543693693,1.235207949256173,0.5929701823494474,-1.7648594416575623,0.8066645834685613,-0.32249409295269094,3175071005,DUREN SAWIT,MALAKA SARI
-0.5546659313427439,0.14236330274831716,-1.4675996324662528,1.0028074438221373,-0.002824975448083273,-0.3270281468293194,0.8228084450957115,0.7902743014134377,-0.5809201998752969,0.2981487563591443,-0.22070791567973172,3171031007,KEMAYORAN,SUMUR BATU
0.0682662273056803,0.5780245551357502,0.4255773718255682,0.06738390987818177,0.4885505074405848,-0.6126710737570771,-0.5931948217071248,-0.3479430628733955,0.2143743166289439,-0.3641180136919421,-0.12754022627367495,3173051002,KEBON JERUK,SUKABUMI UTARA
-0.4013601915576069,0.5636044199014961,0.5801545187409978,-0.022857342990708275,-0.3072250859106888,-0.0007684635670932868,0.7469118778592306,-0.14053530274019682,-0.14469665839850296,-0.4998898751661142,-0.4788925213167477,3175041002,KRAMAT JATI,KAMPUNG TENGAH
-0.42004612955820486,1.4472398865015732,1.2398866191037266,-0.9658537324915039,0.8072174746307135,0.3844529901983068,0.3469103582855435,-0.23565004331315867,0.7416853023794906,0.3703834855128248,0.0925289633034105,3174041004,PASAR MINGGU,RAGUNAN
-1.028818762923495,-4.129349249727045,-0.6884205007196421,-1.287314305651276,-0.29996580861891636,-0.524901226286665,-0.13014323251333498,0.7750996021391134,-0.4065400992631425,-0.7024100235165942,0.03661414662027105,3175101005,CIPAYUNG,SETU
-0.8846078179934471,-0.5272830808594279,0.6025610708853751,-0.9515753696019593,2.1699607471853506,1.3220596367654973,0.10455065316641397,-0.054626118252536965,0.9754194747358242,1.5383316147150856,-0.4756081590553751,3174021007,SETIA BUDI,GUNTUR
-0.7201300072334779,0.8907918272804101,0.455233059547135,-0.5732067357427479,-1.4528212472705602,-1.1253245357960941,-3.234574422811098,-0.8803028902459574,0.6438830904443574,-1.5903725707991772,-0.09821854164997297,3175101003,CIPAYUNG,PONDOK RANGGON
-1.0632928504885055,-2.968420916228342,0.2065476434233878,-1.1748045903145283,1.2563502133978701,-1.440295394622853,0.9984648286895292,-1.6574079023470745,-1.066204493105849,0.32310093042887944,0.5089450000906404,3174071007,KEBAYORAN BARU,PULO
-1.0200552940343635,-1.9420039902505828,-1.7875117927550164,1.428210222145035,-2.0806524234371615,3.1806912095226245,-4.964326980410311,-1.0087839517731632,-1.6197538824696542,1.3780419009648186,0.3095831198062731,3175051002,PASAR REBO,BARU
-0.40665574951278277,1.6596648056918208,-0.393265100035903,0.951645123831951,0.7516768682442349,1.1151711819019285,1.0427849754816023,0.01828776430821443,0.16677464317465313,-0.3437010970325793,-0.9239726094222871,3172011002,PENJARINGAN,KAMAL MUARA
-0.48070036129784416,-0.8811004377993503,-0.21539394169456222,0.4301073299033415,-0.21045836987729752,-1.3406494120270929,-0.0044274169971126025,-0.28564982540766787,0.11892460006544539,-0.5372891455236132,-0.5411117006541064,3174091002,JAGAKARSA,SRENGSENG SAWAH
-0.5997365833552147,4.012551472877491,2.578464827603429,-1.138404001856711,-1.9664252062296372,0.25832542074251724,2.244198646270509,-0.5406976325015942,-1.4432570769471424,-0.3694710580846931,-0.5179099751344541,3175011005,MATRAMAN,KEBON MANGGIS
-0.2494940317476767,2.3276953182544955,-0.4919808263567052,0.28669159627538987,0.7983172432874384,0.541669040421445,0.4445994153994551,1.1860219246243253,-0.44432065747334515,-1.404008761634665,-0.8493558615798709,3175031005,JATINEGARA,CIPINANG CEMPEDAK
-0.561823016123564,1.9958569364144993,-1.4868443266010243,1.4638704521500616,0.7129015090422656,0.891959326718103,1.6799020928645712,0.08480162837983825,0.18847536899849346,0.2683445911265314,0.0869715184673974,3173031007,TAMAN SARI,GLODOK
-0.9391002795844785,-2.997316104615283,0.24313937194760643,-1.5098081773983596,2.4094413412198974,0.21754286577756177,-0.7006954452605582,-0.28755130625009845,0.31588246865601843,-0.5692263555311279,-0.6270303761375707,3174071004,KEBAYORAN BARU,SELONG
-0.10176811010247262,0.247594090629261,-0.9358677650922214,0.4133533388736744,-0.5139802339952372,0.9872840518452459,0.07217718535099961,0.9698645519429739,0.5656199495180505,-0.023675570553999204,0.32789616299744573,3172011001,PENJARINGAN,PENJARINGAN
0.01416349252740591,0.4599989350647095,-0.14580918757567107,-1.3921783018443643,2.3325900997318247,0.12452615722764326,0.22363940218086953,-0.6113193715743545,-1.3886078206610941,-1.2862661661840264,1.6113649161732935,3174071010,KEBAYORAN BARU,CIPETE UTARA
-0.24919571437100319,-0.7745187564477808,-1.8580954944792347,1.40543664692096,-0.2004800600541452,-0.16728754787620487,0.06893834328459009,-0.2936405231019736,0.24128423231192736,-1.054774448847072,-0.29694778435640506,3172031003,KOJA,LAGOA
-0.34850505102620094,2.1063167079039893,1.751195648137744,-2.288846654389988,-0.49566502423039366,-0.9706344967890526,-2.848906108666472,-0.7114051787985455,0.8891901167674648,-0.034517729969759554,0.7194418362974442,3171011004,GAMBIR,PETOJO SELATAN
0.9464360784091687,-0.43951325651529016,0.4057014338452925,2.0982215579042234,-0.37501996992182884,0.8416302624495912,0.2678144324694389,0.09519298076882854,1.4752673737018225,-0.21393887048252896,-0.44817948096262955,3171071006,TANAH ABANG,KEBON KACANG
-0.6957900223480008,1.493463860075918,0.20467153492165452,0.335686138478721,-0.6377458663923895,1.1130435503562086,-1.9653889251139347,-1.6438735566070413,1.260050249095962,0.2431819872070376,0.1964086480948196,3173041005,TAMBORA,KERENDANG
-0.797616186579261,0.3139374629682535,-1.3621205602386086,0.6975657847005646,0.32764445333989367,-1.79404983710726,-0.370285183110008,0.5821992678205204,0.18451094383770514,1.0735241482960503,0.1771121232853822,3171081003,JOHAR BARU,GALUR
-0.805241513432435,-2.6110003235452095,-2.1928463727165415,0.5040278967674745,-1.4915523665249328,0.06677537601468624,-1.50799092983722,1.3982486577399176,-1.0206404162548117,-0.4310817479924362,0.15835139065881018,3175091005,CIRACAS,RAMBUTAN
0.02721085399610792,1.9208088347545484,-1.1134165487462802,2.02591172427518,0.6834487260394563,0.39120370841916136,0.6996642877099841,-0.31325690468179695,1.2633769508555461,0.5284950897322899,-0.7987205256834454,3173031003,TAMAN SARI,MAPHAR
-0.6267508813388555,-1.5332822092868734,-1.2346641340969546,1.0822263228953697,-0.5609282101326969,-0.004187257914575394,0.42425165085834876,0.686107664979068,-0.16373554931270023,0.35252792350376383,-0.718523879695279,3175041006,KRAMAT JATI,CILILITAN
-0.44077901050027596,1.843137818374915,-1.551515716710389,1.863346512055893,0.3094543027179392,-1.3716638425503502,-2.3221680601239783,-0.4106398996545446,0.9717804952980578,0.4979775573726573,-0.4961595935307121,3175031007,JATINEGARA,CIPINANG BESAR SELATAN
0.17927180284221025,2.0102491731392846,1.430892273507684,-0.6799018754885878,-1.847459322307011,-0.09331128057449745,-0.00833603261529243,0.48973398873562063,-0.2278288402970854,-1.1749580985990864,0.10317865327575884,3171031006,KEMAYORAN,CEMPAKA BARU
-0.7853711646638539,0.6719035911082052,-1.5417426265306784,1.1089404840597805,0.49897863645191526,1.5066404257300998,1.0979345103975526,0.5151054944456893,0.493701852202551,-0.04256522806002898,-0.4143057282967133,3173041008,TAMBORA,JEMBATAN LIMA
-0.5413109080266888,0.5494500789360414,-1.3401296043902335,1.5241398727433182,0.09219107811005478,-0.41553066120304016,-0.5747411881020114,-0.846677049576777,-0.28810260134499993,0.6264378257755645,-0.08599313357439314,3175041003,KRAMAT JATI,DUKUH
-0.5882996415823382,-2.37486674640277,-2.6838455397399312,-1.010809050654294,-1.098362070225963,-0.014115553470054039,-0.15088046008254585,4.499534688762819,-0.8965032114430634,0.28848459517302333,2.8452552711820744,3171011006,GAMBIR,DURI PULO
0.08198677046985087,2.5218556223547375,0.3260150481698339,0.34060289618570205,-0.8585082228668306,0.37719042163122546,0.23515260514500957,-0.2274081369004274,1.2847862256999127,0.2666115768150328,1.0661150937431507,3172021003,TANJUNG PRIOK,PAPANGGO
-0.1625063281341104,1.7597802679376746,-1.9538893500388241,1.1571864974753392,-0.1617760897010083,-2.43251098473531,-0.6168193642449792,0.29785895553142067,0.03343060669748839,0.7755487792938642,0.34457060185253874,3172041007,CILINCING,SEMPER BARAT
-0.23801283586703034,1.9666731119851342,0.7642407070268555,-0.033246102295403396,-0.06479818212657917,0.7886374547493945,-0.7529652534733435,-0.5299779815779989,1.209773613929224,-0.36426689232717796,-0.2602739818466286,3172011003,PENJARINGAN,KAPUK MUARA
-0.03514320631809016,2.3891301651998003,-0.02191264884909154,-0.9283346906296062,-0.5409055815067872,0.9455114844043839,0.32709841523583943,2.4782779458145305,0.2601300860736271,-0.007533355029735859,1.2963111282047406,3175011002,MATRAMAN,UTAN KAYU UTARA
0.45203716943658107,-0.5865959062888538,-0.5823559916429568,1.005473322420523,0.23287137018083884,-0.975430815702361,-0.8254006454565248,1.0067398464080282,-0.4505920068991559,-0.022551574603421973,-1.1808650839056467,3171051001,CEMPAKA PUTIH,CEMPAKA PUTIH TIMUR
-0.005921973657794671,-1.760774163176804,-1.0702445036760435,1.6378227307790603,-0.40246677195745045,1.2794610769508137,0.5307082103079447,0.6569497466772621,1.021199461954939,0.24346509201454355,-0.20167652199535224,3171071003,TANAH ABANG,KARET TENGSIN
-0.4006070716374882,1.4346846359230914,-1.711976882916668,1.310006273693917,-0.2885598002525314,-2.7144293455895547,-0.08322510116227544,0.3375863192578632,0.059030951348310046,0.8152023357712979,0.018818944992894177,3172041001,CILINCING,CILINCING
-0.2973532920336417,-0.6515265948291058,-1.6039459304417865,1.068992182461664,-0.008361741805117255,-0.3933097768968983,0.2526244380266803,-0.6775397779547728,0.18800539594726612,-0.9285982017347036,0.0601620975641221,3172031006,KOJA,RAWA BADAK SELATAN
-0.1529945360289696,1.827290157611359,-1.7367787053280979,0.5593071256423069,1.90631041146702,1.2561890547866827,1.2114987321165052,0.9453057438391919,0.6836387349116995,0.031766393014850285,2.1103192152896493,3174011007,TEBET,MANGGARAI
-0.48985106939617923,0.7091808896567035,-1.7434785883021509,0.8908699165420823,1.022879069834382,-0.971543005249263,0.4030981470291349,-0.9900964213691963,-1.9046312970810142,-0.9486443938859425,0.232111969845874,3175101001,CIPAYUNG,CIPAYUNG
-0.2802056863017138,2.1375267121308377,-2.3007777337932755,0.7636211736314066,1.5498764192389383,-1.2831497354260295,-1.3108036246161991,-0.8242782559374424,-0.9286307392110666,-0.8554682262997251,1.9098133511416977,3175101008,CIPAYUNG,CEGER
-0.46747491614794734,5.224148752642688,1.7691128772740843,-0.49476259109761145,-2.4498037255120737,-1.769106023868316,1.3662908827419549,-1.793366815840319,1.3006393396841567,-0.1970542538659931,1.613300943847159,3173031004,TAMAN SARI,TANGKI
-3.5834078725024054e-05,-0.8518347383639504,0.2254454672319677,-0.09930199114282352,-0.8019969901803885,0.3063359401717502,0.5347033553341792,-0.5243483282803731,-0.34109326049506145,-0.36930645212670865,0.5677975851119174,3172051001,PADEMANGAN,PADEMANGAN TIMUR
0.32079286803152507,1.4537898787729364,0.6870188537778339,-0.08016299449794514,-0.9687260680623809,0.775386711373934,-0.01965890122217165,-0.8186664029993297,0.5055820086569356,-0.5352383862499147,0.5070972420531606,3171021004,SAWAH BESAR,GUNUNG SAHARI UTARA
-0.4429206889021405,0.7367732604470794,-0.6507091694381549,-0.15832663986680023,-1.02492705249394,-0.6666824414879174,-0.2681970506894385,1.8497667691442081,-0.3087544388101861,-0.6468278164667098,-0.3107546505150583,3172041002,CILINCING,SUKAPURA
-0.7178983950980794,0.47254350006934026,0.08172805614103532,-0.28339373570419246,2.0851265585891507,0.8456912465730504,0.6225627436770321,-0.19757655010213582,0.4884520408933842,1.5957959581828685,-0.06081333791772562,3174021004,SETIA BUDI,KARET
-0.2979163185495859,1.6194164370158726,0.089934189762964,-0.16574665113530276,-0.7008850466204811,-1.0665547565600224,0.28604239958263517,0.18283264762417262,-1.3338288599774692,0.01075896847672946,0.01668173839607066,3171011002,GAMBIR,CIDENG
-0.533147130538837,-1.0613485159262983,-1.3543936307983362,1.221631055944395,-0.36121932462036754,0.17973539280025977,1.019902144056725,-0.240821958993716,0.3568363397687029,0.40279071875000044,0.03561298817649442,3171041006,SENEN,BUNGUR
-0.6210176020263994,-3.625211700485974,-0.22847330131046842,-0.4376390851237673,-0.6640417505696864,1.1985717339899193,0.5468133005379365,0.4810978089195932,0.9701152865823395,1.064339108092077,0.540621833110524,3174011004,TEBET,KEBON BARU
-0.6617169811729016,-0.8180872633819408,-1.3980501222231991,1.2454157417113656,0.24097576177447058,-0.1618956800812544,0.19465637498474136,-0.2717355011579612,0.8574809463098025,-0.2386751936083589,-0.3677022238371022,3173071002,PALMERAH,SLIPI
-0.4678262151024266,-0.2696142424973528,-1.535992534385756,0.9277229156554812,0.8838840657925471,-0.21402966195341777,-0.580782445110941,0.9032531800326409,0.41097147161323055,-1.0172898039184504,-1.0545256868449657,3174091004,JAGAKARSA,LENTENG AGUNG
-0.27561515937303244,-0.5804429268850497,-0.007966602688554448,0.28828537214224254,-0.04401152989376077,0.5387077903679313,0.2291797637585418,-0.07180836718585047,0.7588945298587879,-1.0809521800818374,-0.3871087755575057,3173071005,PALMERAH,KEMANGGISAN
-0.4793653027982409,-0.046571868533790715,-1.211304287221488,0.15953675086345026,1.5271545205035055,-0.8725219904373449,0.608480468521467,-0.14674859760232134,-0.8346160098181294,-1.1933785862851074,-0.205272570480572,3175101002,CIPAYUNG,CILANGKAP
-0.8362783497442805,-0.7998474599657297,0.21522288616183716,-0.35561894923318826,-1.6667039558659322,-2.5223877409207685,-0.7216683822220457,0.282584282745325,0.43947623026394844,1.1800134120828183,0.029654508556611222,3171011005,GAMBIR,KEBON KELAPA
-0.08099197201194183,0.201836078117572,-1.266088294022737,0.827356565539888,0.7497849167249091,0.36601133969495075,0.498271931325804,-0.5079061723818605,0.8343220969195607,0.1993158275461408,0.3496675199319544,3171041003,SENEN,PASEBAN
-0.45819044183107227,-1.8737049671809134,-0.21774216321409695,-2.8920205430964367,2.0193525968510175,1.0866373154042557,-0.09470629698988259,1.9523426786500195,0.713353628004772,0.29767240673757417,2.6322138552633567,3175081003,MAKASAR,KEBON PALA
0.33293356687513137,-0.27599763925423915,-1.033200451863116,0.4811898689628895,-0.6193852883697674,0.4220214764250466,-0.7439223074009901,-0.4843312102941695,0.13040267581956194,-1.5420590811633026,0.23650539628271414,3172031002,KOJA,TUGU UTARA
-0.12000308105120522,1.426200073535185,0.23817838916341788,0.4594390908469436,-0.22547889278657626,-0.3508998615527894,0.646936532860695,-0.6329220615728859,-0.2545418439363519,0.9670476282849347,0.3750092386110635,3174041006,PASAR MINGGU,PEJATEN BARAT
-0.3206474306219839,-0.6776550079412161,0.35790181685903233,-0.4342800924998421,0.7555180820444687,-0.7281896097450424,-0.5237362406571745,0.5508328359772047,-0.0868167364787824,-0.5301184230075703,-0.9923643873625541,3173011002,CENGKARENG,DURI KOSAMBI
0.6457900486092335,1.4696322627986338,1.8052785827187625,0.31067449405015213,-0.27591096360285666,-0.9983645886252538,0.19109080206071852,0.7032335310675397,-0.6978740895282628,0.31549874073032363,-0.6862335939086106,3175071003,DUREN SAWIT,KLENDER
-0.10899877850814403,0.5408514534371759,-0.706685846435,1.1071746301775198,0.02183756571621809,0.14991172292391464,1.0744384341349154,0.7188634470239141,-0.48165491670016647,1.5056789498428262,-0.6042067441540543,3175011003,MATRAMAN,KAYU MANIS
1.0397892803884352,-0.06754745065132606,-0.08273014135845168,1.851628964594993,-0.275922489229055,-0.8914714851223567,-1.6416679793133044,-0.4128935543830027,2.0879910542919715,0.09150437512624306,-0.2279813478828738,3172051002,PADEMANGAN,PADEMANGAN BARAT
0.09275921839897068,0.006043402769944565,1.05441838621161,-0.2997199397055661,-0.9038737958716387,1.679555923695738,0.09630679190358546,-0.07926524017365631,0.6936175142638771,0.21230014587156681,0.4486489205934795,3172021004,TANJUNG PRIOK,SUNGAI BAMBU
-0.2659223663489523,1.1957522852607045,-0.4224692733880456,1.1818562968954776,0.300743827806581,-0.6144275694453867,-0.7230004996406669,-0.22198049650703924,2.299178990930463,0.6595441261977205,-0.37992033302968664,3172011004,PENJARINGAN,PEJAGALAN
0.49643327394965997,0.6243840747311229,0.06161794425100537,0.8470303004759784,-1.0632817862111696,0.42046773227197315,-0.848757204103871,0.5054218861041393,0.044982283824904684,1.2860494350629963,-0.5137643385029156,3175011006,MATRAMAN,UTAN KAYU SELATAN
-0.21032680561840142,-0.2836285845558628,0.9026001351229952,-0.2123817140397442,0.19126128021557148,-0.24260843234976043,0.1620852741325265,0.6126759088349242,-0.5606729074404474,0.6729413551950068,-0.7475225270256126,3174051005,KEBAYORAN LAMA,GROGOL SELATAN
-0.5696952489296355,-3.069164147359829,-0.15306654447815105,-0.6269067334207947,-0.23397571792655056,-0.24743244687644306,1.2857493308992451,-0.8436158712650793,0.05789933827136733,0.2002152860257184,0.881487720508431,3173071003,PALMERAH,KOTA BAMBU UTARA
-0.4079893532559166,0.4788892782157211,1.9329489461185645,-0.6814846621312135,-0.39233474689490916,0.5557794762635248,0.3534643256763743,0.4101162972096609,0.1753645183809465,1.7232614806257411,-0.5066136703503725,3174101005,PESANGGRAHAN,ULUJAMI
-0.0014781009990559619,0.1763257334842093,0.4445633988255078,-0.4591069774323945,-0.10152113088046798,-0.8151107721977241,0.014707952721487247,0.3338834975234267,-0.15151886486883076,-1.3402387517011163,-0.33696259085307456,3175091001,CIRACAS,CIRACAS
0.19882993402081778,0.0849105310712828,-1.1435358840083223,0.8579742355716773,0.6919026795847703,-2.3402136744797266,-0.29964884253598817,-0.7100421973604814,0.9678749932908584,0.5913731815305965,0.7164475330571846,3172061002,KELAPA GADING,PEGANGSAAN DUA
-0.17833744964073395,-0.8681468920361478,-0.34662590535879084,0.1197872462748508,1.7599952168636903,-0.9716373059635166,-0.07173722611830874,-0.4005516706452335,-0.031982478463411644,0.037051015955180906,-0.16014676136645656,3173061003,KALI DERES,TEGAL ALUR
-0.0681304208039573,0.19723275402663437,0.09987265251951681,0.2802417873582637,0.11956317805500145,-0.8095380829565771,-0.4807060450231767,-0.1747215388717782,-1.2493952803885653,-0.4806001115035976,-0.567900287036287,3173011006,CENGKARENG,CENGKARENG TIMUR
0.30280887220982017,1.2055980603330385,0.9902076460557266,0.32901251191818337,-0.07394209344901544,-0.7327560829209849,-0.09862397116450426,-0.6081347632526114,0.831888118735254,1.0133789845310293,0.2764701644586999,3174041005,PASAR MINGGU,PEJATEN TIMUR
-0.08362054717433567,2.701837789558998,2.384281186223793,-1.5460726274527379,-0.09238414721683844,-0.5582729436371437,0.42903934854366677,-0.007084081598453574,-0.41523146092936103,-0.30203192224495723,0.0588834871077569,3174051006,KEBAYORAN LAMA,KEBAYORAN LAMA SELATAN
0.11298856528443128,0.7735490172717903,1.4989389732967342,-0.2728845461517835,-0.8505809350000013,-1.1210080685124588,0.3593926822613531,0.6643914909964854,-0.8193465290813389,0.6119160374667444,-0.4317551596571328,3175071002,DUREN SAWIT,PONDOK BAMBU
-0.07986136589787775,0.11764843760964853,0.006032377238638786,0.1253224771013682,-0.49874775391847564,1.051541649451833,-0.4550357414392019,0.5722386140851726,-0.45059042236228786,1.226669533677412,-0.17246746050760683,3175011001,MATRAMAN,PISANGAN BARU
-0.3166129113433491,-1.1509761220892492,-0.902867491511727,-0.513638981002435,2.2278421277277234,0.7812406715860516,-2.1480109522886237,-1.14952372436806,-1.0799313719224566,-0.5325038520326408,0.6731584602622536,3174071009,KEBAYORAN BARU,GANDARIA UTARA
-0.11891991514481264,-0.31105879715476237,-0.6800599365675598,0.7299605617881227,0.3981119546695181,1.367265233237604,-0.2974719499346949,-0.6681533685613659,-0.14378812378046416,0.6803760967272228,0.13934208161561176,3175021005,PULO GADUNG,RAWAMANGUN
-0.1598072685802401,-1.4428763321569884,0.08962909585416862,-0.5184174938234078,0.4170122944566766,-0.3339327485191935,0.035052202657346765,0.31396213955392466,0.01979623654772088,-0.9752678001325692,-0.2814144047787853,3174091001,JAGAKARSA,JAGAKARSA
-0.09798119287397013,0.29236977477974413,0.8716610027759925,-0.32468661514809044,1.2167527022735933,-0.06598768826410084,-0.5651249661718172,2.185116965223282,-1.1579771737502298,2.2016158891292354,-1.6343784676108541,3174061003,CILANDAK,PONDOK LABU
0.6570640520592533,0.15785941763080283,-0.059397842217466267,0.7861018497285138,-1.1422933333553273,1.5618931258350823,0.24368106586490615,0.6309451145140237,0.5591093919728746,0.26290355298609247,0.3055116513660962,3172021002,TANJUNG PRIOK,SUNTER JAYA
-0.4172171777851447,-0.5564577711893214,-1.3316883118272822,-0.2793759096305479,1.290826074508476,-0.6623315162131245,0.9360196889924602,0.2753249125849447,-1.2072462094115848,-1.2443191222962438,0.46644716333447667,3175101007,CIPAYUNG,LUBANG BUAYA
-0.2823445961473277,-1.0109044194026366,0.8381161308947408,-0.890098563950218,0.6958137920011404,-0.011526553269091888,0.14495351380107033,0.058350450383438626,-0.034695357573428634,-0.4323343660861589,-0.22967809255013275,3173051003,KEBON JERUK,SUKABUMI SELATAN
-0.7370228441709891,-1.2895630865267595,1.5898806021876344,-2.074854729433791,0.4919706162158861,1.5127504106998244,-0.3286030342709444,0.7230586355275911,1.2021430704056022,1.0340828622660032,0.10119843576361129,3174021006,SETIA BUDI,PASAR MANGGIS
0.14965587149739248,2.7567316854683703,2.1557733440156848,-0.5499631312581607,-1.1280117156151614,0.3399282984653361,-1.7832547220476942,0.7668750465739045,-0.4623919164701216,-0.6231395217508428,-1.0354895592121425,3175071007,DUREN SAWIT,PONDOK KOPI
-0.4305384122570999,1.2940118871014972,-0.7242596161799928,1.0506200334854914,-1.2896847298570129,-0.09950804056115187,-0.033229356682403156,-1.0579558402211773,-2.6646012074177547,-0.16222839122667623,0.2478230112876132,3175031008,JATINEGARA,CIPINANG BESAR UTARA
-0.13706972129991182,1.0650971583067528,1.4965740612824785,-0.7600848556038756,-0.9789379132155376,-2.0634165631276367,0.0005534660127324595,-0.35510611831599687,0.02464714822119148,0.27875160794462667,0.369389001688785,3171081002,JOHAR BARU,KAMPUNG RAWA
-0.49724742534662475,1.6805009681795882,2.8299744782002607,-1.6374234015544553,-0.6568919115664277,1.1610220470000898,0.3066577886033207,0.5316206382213444,0.20939951386426622,0.8167509518840687,-0.6455498825645989,3174101001,PESANGGRAHAN,PESANGGRAHAN
-0.34328020244260293,-0.9844571626102532,2.1605672176436013,-2.8875229785516927,-0.9881690880202236,-0.6564056204118797,-0.016876699246425122,0.8653685235349141,-0.8343013427913644,-1.1076955613974202,0.4095778404560159,3175061006,CAKUNG,UJUNG MENTENG
-0.7597951071943493,-1.192966485721734,1.8959658681514513,-1.7954584192137828,-0.2910120940293451,1.1460177197791952,0.4659856048526506,0.7084393234747749,0.0734720575735439,1.9158469552000827,-0.240470671016735,3174101004,PESANGGRAHAN,PETUKANGAN SELATAN
-0.5860351804116558,1.1264547924050357,1.1596589074390204,-1.677216069988779,-0.26752476645156,0.8607688934717155,1.1430433340897843,0.214485597829965,0.1336227935688416,-0.1877680525052305,0.7100468497552059,3175051003,PASAR REBO,CIJANTUNG
0.04497236817376425,4.193104205873443,3.359701344747027,-3.251892996425643,-1.4320786549958717,-0.1789678039910174,-0.19256083592110299,2.641429112059102,-1.3020197954253836,0.06641732427151222,0.6018148709950394,3174061005,CILANDAK,CIPETE SELATAN
-0.11434018277582154,1.359767389070514,0.7718410928478434,-0.27037768428323283,-1.1743106637545169,-0.6130743742861958,0.40544513722307773,-0.13560039798540513,0.3944688044813548,-0.673063039546131,0.30410101997416583,3174031003,MAMPANG PRAPATAN,PELA MAMPANG
0.5384690194170482,-1.42451573023124,-0.1848322164858708,0.08893400162491066,0.5354921137949298,1.8544183431884131,0.213086775985636,-0.6975347066215554,0.21105649212131236,0.32547452422041656,1.4416062635978018,3171071002,TANAH ABANG,BENDUNGAN HILIR
-0.46449300923993725,0.6539847154063894,0.8940277013346011,-0.21160545797397412,1.1234849321073026,0.9977345472852237,0.2829180390348676,0.548256035999764,0.289780552121751,1.9023507932156254,-0.8301936417494089,3174101003,PESANGGRAHAN,PETUKANGAN UTARA
-0.3974129246671752,-0.33324452068547333,-0.6359350080793017,0.4742237509372625,1.4585597176396126,0.5376434183031579,0.9279337367127869,-0.7047564632349425,0.32586179560010137,-0.661658965686436,-0.2976883720023428,3173071004,PALMERAH,JATI PULO
-0.5775284977445662,-0.773106116080875,0.30380418062520476,0.12842453754444647,-0.2623404154094944,-0.5777469838497845,-0.5556189783534153,0.15762327349524327,1.215934894109655,1.2710203824252735,-0.42092857404771616,3171061002,MENTENG,PEGANGSAAN
-0.5351776075497434,-1.602583974071849,1.676406107405564,-1.9215999495757936,0.6829675788216026,-0.4756360744460576,-0.6158481782418416,0.24747625755842464,-0.0009170162535710703,0.17819172465678138,-0.39519973420235316,3173021002,GROGOL PETAMBURAN,TANJUNG DUREN UTARA
-0.4166492715985627,-1.3626409015985008,1.2984772686716175,-1.723265096447098,1.007653048612784,-0.110330338087704,-0.2543704433966109,0.5470175657494577,-0.45524333742314993,-0.010735759466477713,-0.26567346950528864,3173021006,GROGOL PETAMBURAN,JELAMBAR BARU
-0.6131875366976156,0.10968659632945,0.8798594396525989,-0.25846938893982996,-1.406441014176771,0.19903633339934748,-0.8680637903464032,0.7030466973175608,1.1821738325647704,-0.8236364662021133,-1.1494277221570108,3175041001,KRAMAT JATI,KRAMAT JATI
0.06737158277897375,2.3277068741526934,0.745519173208012,-0.03206347661392347,0.3110880559429006,-0.33305304497939947,-0.9263615515474414,0.1359993765578545,-0.7538849178957314,-1.5247852691520354,-0.8989647278694112,3173011005,CENGKARENG,KAPUK
-0.1492781694549909,1.5075686823432002,0.489744497893891,0.2078385585496437,1.5911468757221265,-1.0962582184686718,-0.377391150908542,-0.08606107614473228,-0.20030208171793096,0.020217273891783738,-0.7526603413746878,3173021007,GROGOL PETAMBURAN,WIJAYA KUSUMA
-0.3870566509719696,0.3666649476156251,-0.71350442269613,0.4058654965215133,0.2093783910342198,-0.24392939431378796,0.5437312795572677,0.4375176574241668,-0.6667904724034565,-1.4114696064448935,-0.6145584857013257,3174091003,JAGAKARSA,CIGANJUR
0.17138677326612398,1.9510361559641065,0.05051863279810602,-1.1014671828838425,0.9867980500063736,-1.4799854348128136,-0.7851765463038614,1.0524281797844304,0.4811393956326984,-0.5804347157727947,0.8013884457905784,3171051003,CEMPAKA PUTIH,RAWASARI
0.052851136822219674,-0.4498600459354971,1.8460618945849048,-0.9138755353348496,1.3502876774915755,-0.8759350528552909,-0.7386039084222628,-0.07622959399303905,0.17648506774800257,0.1083827178291153,-0.5456881571284992,3173021005,GROGOL PETAMBURAN,TANJUNG DUREN SELATAN
-0.32724742245697597,1.450532840342357,0.23577224931997545,0.7722994204919462,-1.5310278637389745,-1.6769084267765604,1.2033078724750552,-0.2686712186772655,-0.9863475918596152,-0.29843963509906785,-0.21263864988068237,3175031002,JATINEGARA,BIDARA CINA
-0.5140670110407087,2.8351529322358977,4.8165660615431225,-4.47143342551773,-1.0878165552017627,0.8278750024688637,-0.5778004369958201,-0.29333238248426774,2.024198871689456,-0.600444547538669,0.9138951482680582,3174021002,SETIA BUDI,KARET SEMANGGI
-0.46947653026518527,-2.1641648659088273,-0.9230383300017607,0.6495099451234263,0.23426378907748155,0.15796799910470885,-0.6559588720586439,-0.7521962530193539,-0.8873328993713512,-0.15237920370847954,-0.13818595138548453,3173081006,KEMBANGAN,KEMBANGAN SELATAN
-0.5400679755014297,-0.8932452058379458,-0.16952732257526873,-0.1803485189308181,1.8280062396350978,-0.7472368753296563,0.07937938384376683,-1.003412815521912,0.49793584110968686,-0.2085308589420895,-0.09441445742317144,3173081005,KEMBANGAN,JOGLO
-0.43788511749169323,-2.7549083501709273,0.19051680506511146,-1.6161438297292992,0.7918768487314974,-0.8642791632833449,-0.35039503895603175,0.9273209056970068,-0.43072999639543524,0.23050084195573675,0.17259009920605273,3175061004,CAKUNG,CAKUNG TIMUR
-0.2516124132032581,-1.6019739554881463,-0.37036280548678946,-0.2683047264540974,1.0821358290345162,0.6868552591472531,-1.0681948798824612,-1.7422028522932886,-1.3779407115918016,-0.18456668114422192,0.7230523023342686,3173081002,KEMBANGAN,MERUYA UTARA
-0.446327238870316,-1.5427436613303718,0.19164933045202268,0.3151023266960156,0.2011664769816506,-0.9048395828312048,0.36195368579211823,0.23004559791015974,-0.6705137621408188,1.6112237229875193,-0.6039018870601911,3174051004,KEBAYORAN LAMA,GROGOL UTARA
-0.4470724945594829,0.8105906571756745,0.2593684628791054,0.0391327819975422,0.3610987030165646,0.31265436909792893,0.8669318631840123,-0.7825208797874365,0.37142357267282866,-1.087994010642093,-0.20760650965807012,3174081001,PANCORAN,PANCORAN
-0.3025539055891483,-0.10288828043362572,0.5940107511720117,-0.581113009741604,0.7320858019026819,0.6774068443040916,0.44717829746159043,0.2796881756790822,0.3943131202597554,0.7040062106034624,0.04245875682200509,3174041001,PASAR MINGGU,PASAR MINGGU
-0.6078035825073208,-0.5165109837157579,1.7386835807363041,-1.4126172080126767,-0.6232884462649873,0.5126888649360224,-1.3815250012975828,-1.0754915961115596,-0.21937531761145682,0.25873459790916914,0.18659792220913907,3175081002,MAKASAR,PINANG RANTI
-0.2752176705948646,-0.02625157709890584,0.8518976775014093,-0.9431023230531904,0.9004198737531055,0.18534254126066838,0.5748236515554483,0.6633499836858407,-0.8259950926357086,0.5008322648482407,-0.2544134360096325,3174051003,KEBAYORAN LAMA,CIPULIR
0.1440809818538002,1.0897424777492115,1.265822321081403,0.031130344395097532,0.7157575418993457,1.3753843140750501,0.42212324935464357,-0.6203537734883744,1.7458286296220809,-0.7584460834732033,-0.2777803060436582,3171071001,TANAH ABANG,GELORA
-0.37366411414266293,1.9144323192433845,1.1218437974029203,-0.2514571507334944,-0.08248630081456416,0.20825558046004347,-0.8345930300412239,-0.9797213915076377,-0.35122988436255653,-0.18610102195265354,-0.10651357072689245,3175081005,MAKASAR,CIPINANG MELAYU
0.074193223630453,0.8612210674271038,0.313527346558079,-0.28041461249998884,1.1218789950994512,-1.1995393155257772,-0.17351861257408543,0.3706811122524208,-0.5907839920845827,-0.5642337727745419,-0.5226268367062615,3175061005,CAKUNG,PULO GEBANG
-0.7591598835558356,-2.3950225359426245,-0.39151948426737937,-0.7750648357539325,0.6982621592935864,0.7906017926034223,0.04692456079160688,0.10075995671674497,1.131257411890873,-0.3222802288233509,0.12541363655439408,3174081004,PANCORAN,DUREN TIGA
-0.463334436653339,-1.0518477334742777,0.36385747298499277,-0.31506471642873934,0.8082831021380225,-0.11060042850543102,-0.717795971503426,-0.6858362296932207,1.0848101578992826,1.7765882712422725,0.1753576231512627,3174041007,PASAR MINGGU,KEBAGUSAN
-0.2667449482693012,0.7319283446156484,0.4354830079673422,0.1678507208800559,-0.45727156405054004,0.5921208504486408,-0.07000536127220568,-0.0805785707163722,-0.16710260185261286,0.5809372697418604,-0.06991731105595299,3174041002,PASAR MINGGU,JATI PADANG
-0.19185759320000292,-0.3714738030872694,1.589854145867631,-1.5417762638877297,0.19573299664129723,1.4559959380457401,-0.7410554237615922,0.13788358726982705,0.4556301657383225,0.3002419253692166,0.3044173921976545,3174041003,PASAR MINGGU,CILANDAK TIMUR
-0.3194507313306764,0.3391642883819663,0.9089075759639061,-0.26638741634324364,-0.9955670794339083,0.5725121772740877,1.3159896327255256,-0.21831944912683676,0.021224650119626206,-0.08724772612662421,0.17500405781320408,3175021003,PULO GADUNG,CIPINANG
-0.28551930318922847,-0.2594290122768436,-1.3243615274924367,1.2132454502777557,-0.026950967878862964,1.9774648869939107,-0.9081554400683357,-0.32059256217538085,0.08362240325170207,0.044940769690126094,-0.325127809315188,3171021001,SAWAH BESAR,PASAR BARU
-0.39113332402334233,0.7526397623432677,0.4573353123369543,-0.6406081712579239,-0.21711964874675238,-0.5212914510738986,0.35816778312251085,0.8380912038737374,-0.8881633739690525,-0.2540123478144834,-0.4412898452931174,3171011003,GAMBIR,PETOJO UTARA
-0.5133172733054447,0.6167115418705749,-0.7104351549753105,0.91000643022682,-1.6708307172335786,2.755214105871878,-4.623466384068684,-1.002670208520489,-2.671541809620214,-0.7540311710315717,0.012294378514484764,3175031003,JATINEGARA,BALI MESTER
-0.46677233594070205,2.178098739259838,0.7630935515491493,-0.08717913753302349,0.24163198828897753,0.4526518761202748,1.1184973524764292,-0.0919380470328895,-0.5196496886085246,-0.11323892262589358,-0.526882722027122,3171061004,MENTENG,GONDANGDIA
-0.30238966619519253,3.4850130746033567,0.3998002933170362,-0.5729393872599238,-1.2866775117083717,1.717141642278451,-0.5702027620978255,-1.4274822300025718,-2.2027081843054654,-0.32907619149978123,2.0004653675662247,3175051005,PASAR REBO,PEKAYON
